Id,Condition1,Condition2,BldgType,HouseStyle,OverallQual,OverallCond,YearBuilt,YearRemodAdd
1,Norm,Norm,1Fam,2Story,7,5,2003,2003
2,Feedr,Norm,1Fam,1Story,6,8,1976,1976
3,Norm,Norm,1Fam,2Story,7,5,2001,2002
4,Norm,Norm,1Fam,2Story,7,5,1915,1970
5,Norm,Norm,1Fam,2Story,8,5,2000,2000
6,Norm,Norm,1Fam,1.5Fin,5,5,1993,1995
7,Norm,Norm,1Fam,1Story,8,5,2004,2005
8,PosN,Norm,1Fam,2Story,7,6,1973,1973
9,Artery,Norm,1Fam,1.5Fin,7,5,1931,1950
10,Artery,Artery,2fmCon,1.5Unf,5,6,1939,1950
11,Norm,Norm,1Fam,1Story,5,5,1965,1965
12,Norm,Norm,1Fam,2Story,9,5,2005,2006
13,Norm,Norm,1Fam,1Story,5,6,1962,1962
14,Norm,Norm,1Fam,1Story,7,5,2006,2007
15,Norm,Norm,1Fam,1Story,6,5,1960,1960
16,Norm,Norm,1Fam,1.5Unf,7,8,1929,2001
17,Norm,Norm,1Fam,1Story,6,7,1970,1970
18,Norm,Norm,Duplex,1Story,4,5,1967,1967
19,RRAe,Norm,1Fam,1Story,5,5,2004,2004
20,Norm,Norm,1Fam,1Story,5,6,1958,1965
21,Norm,Norm,1Fam,2Story,8,5,2005,2006
22,Norm,Norm,1Fam,1.5Unf,7,7,1930,1950
23,Norm,Norm,1Fam,1Story,8,5,2002,2002
24,Norm,Norm,TwnhsE,1Story,5,7,1976,1976
25,Norm,Norm,1Fam,1Story,5,8,1968,2001
26,Norm,Norm,1Fam,1Story,8,5,2007,2007
27,Norm,Norm,1Fam,1Story,5,7,1951,2000
28,Norm,Norm,1Fam,1Story,8,5,2007,2008
29,Norm,Norm,1Fam,1Story,5,6,1957,1997
30,Feedr,RRNn,1Fam,1Story,4,6,1927,1950
31,Feedr,Norm,1Fam,2Story,4,4,1920,1950
32,Norm,Norm,1Fam,1Story,5,6,1966,2006
33,Norm,Norm,1Fam,1Story,8,5,2007,2007
34,Norm,Norm,1Fam,1Story,5,5,1959,1959
35,Norm,Norm,TwnhsE,1Story,9,5,2005,2005
36,Norm,Norm,1Fam,2Story,8,5,2004,2005
37,Norm,Norm,1Fam,1Story,5,5,1994,1995
38,Norm,Norm,1Fam,1Story,5,6,1954,1990
39,Norm,Norm,1Fam,1Story,5,7,1953,2007
40,Norm,Norm,Duplex,1Story,4,5,1955,1955
41,Norm,Norm,1Fam,1Story,6,5,1965,1965
42,Norm,Norm,1Fam,1Story,5,6,1959,1959
43,Norm,Norm,1Fam,SFoyer,5,7,1983,1983
44,Norm,Norm,1Fam,1Story,5,6,1975,1980
45,Norm,Norm,1Fam,1Story,5,6,1959,1959
46,Norm,Norm,TwnhsE,1Story,9,5,2005,2005
47,Norm,Norm,1Fam,1.5Fin,7,5,2003,2003
48,Norm,Norm,1Fam,1Story,8,5,2006,2006
49,Norm,Norm,2fmCon,2Story,4,5,1920,2008
50,Norm,Norm,1Fam,1Story,5,7,1966,1966
51,Norm,Norm,1Fam,2Story,6,6,1997,1997
52,Norm,Norm,1Fam,1.5Fin,6,6,1934,1950
53,RRNn,Norm,Duplex,1Story,5,5,1963,1963
54,Norm,Norm,1Fam,1Story,9,5,1981,1987
55,Norm,Norm,1Fam,SLvl,5,5,1955,1955
56,Norm,Norm,1Fam,1Story,6,5,1964,1964
57,Norm,Norm,Twnhs,2Story,8,5,1999,2000
58,Norm,Norm,1Fam,2Story,7,5,2004,2004
59,Norm,Norm,1Fam,2Story,10,5,2006,2006
60,Norm,Norm,1Fam,1Story,5,7,1972,1972
61,RRAe,Norm,1Fam,1Story,6,5,2004,2004
62,Norm,Norm,1Fam,2.5Unf,5,7,1920,1996
63,Norm,Norm,TwnhsE,1Story,8,5,2006,2006
64,RRAn,Feedr,1Fam,2Story,7,6,1921,1950
65,Norm,Norm,1Fam,2Story,7,5,1997,1998
66,Norm,Norm,1Fam,2Story,8,5,2004,2005
67,PosA,Norm,1Fam,1Story,7,5,1970,1989
68,Norm,Norm,1Fam,1Story,7,5,2003,2003
69,Artery,Norm,1Fam,1Story,4,6,1945,1950
70,Norm,Norm,1Fam,1.5Fin,7,4,1953,1953
71,Norm,Norm,1Fam,1Story,7,6,1973,1973
72,Norm,Norm,1Fam,1Story,4,6,1982,2006
73,Norm,Norm,1Fam,2Story,7,5,1998,1998
74,Norm,Norm,1Fam,1Story,5,7,1954,2003
75,Norm,Norm,1Fam,2Story,3,6,1915,1950
76,Norm,Norm,Twnhs,SLvl,4,5,1973,1973
77,Norm,Norm,1Fam,1Story,4,7,1956,1956
78,Norm,Norm,1Fam,1.5Fin,5,5,1948,2001
79,Norm,Norm,Duplex,1Story,4,5,1968,1968
80,Norm,Norm,1Fam,2Story,5,6,1910,1981
81,Norm,Norm,1Fam,2Story,6,6,1968,1968
82,Norm,Norm,TwnhsE,1Story,6,5,1998,1998
83,Norm,Norm,1Fam,1Story,8,5,2007,2007
84,Norm,Norm,1Fam,1Story,5,5,1960,1960
85,Norm,Norm,1Fam,SLvl,7,5,1995,1996
86,Norm,Norm,1Fam,2Story,8,5,1991,1992
87,Norm,Norm,1Fam,2Story,6,5,2005,2005
88,Norm,Norm,TwnhsE,2Story,6,5,2009,2009
89,Feedr,Feedr,1Fam,1.5Fin,3,2,1915,1982
90,Norm,Norm,1Fam,1Story,4,5,1994,1995
91,Norm,Norm,1Fam,1Story,4,5,1950,1950
92,Norm,Norm,1Fam,1Story,5,3,1961,1961
93,Norm,Norm,1Fam,1Story,5,7,1921,2006
94,Norm,Norm,2fmCon,2.5Unf,6,6,1910,1998
95,Norm,Norm,1Fam,2Story,6,5,1997,1997
96,Norm,Norm,1Fam,2Story,6,8,1993,1993
97,Norm,Norm,1Fam,1Story,7,5,1999,1999
98,Norm,Norm,1Fam,1Story,4,5,1965,1965
99,Norm,Norm,1Fam,1Story,5,5,1920,1950
100,Norm,Norm,1Fam,1Story,4,5,1959,1959
101,Norm,Norm,1Fam,1Story,6,7,1977,2001
102,Norm,Norm,1Fam,2Story,6,5,1985,1985
103,Norm,Norm,Duplex,1Story,5,5,1979,1979
104,Norm,Norm,1Fam,1Story,7,5,2009,2009
105,Norm,Norm,1Fam,1.5Fin,7,4,1931,1950
106,Norm,Norm,1Fam,2Story,8,5,2003,2004
107,Norm,Norm,1Fam,1Story,4,7,1885,1995
108,Norm,Norm,1Fam,1Story,5,5,1948,1950
109,Artery,Norm,1Fam,1.5Fin,5,7,1919,2005
110,Norm,Norm,1Fam,1Story,6,6,1977,1977
111,Norm,Norm,1Fam,1.5Fin,6,4,1954,1972
112,Norm,Norm,1Fam,SLvl,7,5,2000,2000
113,Norm,Norm,1Fam,2Story,7,5,2007,2007
114,Norm,Norm,1Fam,1Story,6,5,1953,1953
115,Norm,Norm,1Fam,2Story,6,8,1945,2002
116,Norm,Norm,TwnhsE,2Story,6,5,1999,1999
117,Norm,Norm,1Fam,1Story,5,5,1962,1962
118,Norm,Norm,1Fam,1Story,5,5,2006,2007
119,Norm,Norm,1Fam,2Story,7,5,1990,1990
120,Norm,Norm,1Fam,2Story,6,5,2005,2006
121,Norm,Norm,1Fam,SLvl,6,5,1969,1969
122,Norm,Norm,1Fam,1.5Fin,4,5,1939,1950
123,Norm,Norm,1Fam,1Story,6,7,1958,1958
124,Norm,Norm,TwnhsE,1Story,6,5,1993,1993
125,Norm,Norm,1Fam,1Story,6,5,1979,1998
126,Norm,Norm,2fmCon,1.5Fin,6,8,1935,1982
127,Norm,Norm,TwnhsE,1Story,6,5,1976,1976
128,Feedr,Norm,1Fam,1.5Unf,5,7,1930,1950
129,PosN,Norm,1Fam,2Story,6,5,1966,1966
130,Norm,Norm,1Fam,1Story,5,7,1958,1991
131,Norm,Norm,1Fam,2Story,7,6,1966,1966
132,Norm,Norm,1Fam,2Story,6,5,2000,2000
133,Norm,Norm,1Fam,1Story,5,6,1959,2002
134,Norm,Norm,1Fam,1Story,8,5,2001,2002
135,Norm,Norm,1Fam,1Story,5,6,1968,1993
136,Norm,Norm,1Fam,1Story,7,6,1970,1970
137,Norm,Norm,1Fam,1Story,5,5,1967,1967
138,Norm,Norm,Duplex,1Story,7,5,1988,1989
139,Norm,Norm,1Fam,2Story,8,5,1999,2000
140,Norm,Norm,1Fam,2Story,6,5,1997,1997
141,Norm,Norm,1Fam,1Story,4,5,1971,1971
142,Norm,Norm,1Fam,1Story,7,5,2005,2005
143,Artery,Norm,1Fam,1.5Fin,5,4,1952,1952
144,Norm,Norm,1Fam,1Story,7,5,1999,1999
145,RRAe,Norm,Duplex,1Story,5,5,1963,1963
146,Norm,Norm,Twnhs,2Story,6,5,2004,2006
147,Norm,Norm,1Fam,1Story,5,7,1931,1993
148,Norm,Norm,1Fam,2Story,7,5,2001,2001
149,Norm,Norm,1Fam,1Story,7,5,2004,2005
150,Norm,Norm,1Fam,1.5Fin,5,4,1936,1950
151,Norm,Norm,1Fam,1Story,5,6,1975,1975
152,Norm,Norm,1Fam,1Story,8,5,2007,2008
153,Norm,Norm,1Fam,2Story,6,5,1971,1971
154,Norm,Norm,1Fam,1Story,6,7,1960,1975
155,Norm,Norm,1Fam,1Story,6,5,1923,1950
156,Artery,Norm,1Fam,1.5Fin,6,5,1924,1950
157,Norm,Norm,1Fam,1Story,5,7,1950,1950
158,Norm,Norm,1Fam,2Story,8,5,2009,2010
159,Norm,Norm,1Fam,2Story,7,5,2004,2005
160,Norm,Norm,1Fam,2Story,7,5,2005,2006
161,Norm,Norm,1Fam,1Story,6,6,1984,1984
162,Norm,Norm,1Fam,2Story,9,5,2003,2004
163,Norm,Norm,1Fam,1Story,7,5,2005,2005
164,Norm,Norm,1Fam,1.5Unf,4,6,1956,1956
165,Norm,Norm,1Fam,1Story,6,7,1926,2004
166,Norm,Norm,2fmCon,1.5Fin,5,7,1940,1999
167,Norm,Norm,1Fam,1Story,5,5,1955,1993
168,Norm,Norm,1Fam,2Story,8,5,2007,2007
169,Norm,Norm,1Fam,2Story,7,5,2004,2004
170,Norm,Norm,1Fam,1Story,8,6,1981,1981
171,Feedr,Norm,1Fam,1.5Fin,5,6,1941,1950
172,Norm,Norm,1Fam,1Story,6,5,1960,1960
173,Norm,Norm,TwnhsE,2Story,7,7,1987,1987
174,Norm,Norm,1Fam,1Story,6,5,1961,1961
175,Norm,Norm,1Fam,1Story,6,5,1986,1986
176,Norm,Norm,1Fam,1Story,6,7,1950,2001
177,Norm,Norm,1Fam,2Story,6,5,1988,1989
178,Norm,Norm,1Fam,1.5Fin,5,5,1958,1958
179,Norm,Norm,1Fam,1Story,9,5,2008,2009
180,Norm,Norm,1Fam,1Story,5,6,1923,2006
181,Norm,Norm,Twnhs,2Story,6,5,2000,2000
182,Norm,Norm,1Fam,2Story,7,6,1920,1950
183,Artery,Norm,1Fam,1Story,5,6,1957,2006
184,Norm,Norm,1Fam,1.5Fin,7,5,2003,2003
185,RRAn,Feedr,1Fam,1.5Fin,5,8,1908,1991
186,Artery,Norm,1Fam,2.5Fin,10,9,1892,1993
187,Norm,Norm,1Fam,SLvl,7,5,1990,1991
188,Norm,Norm,1Fam,1.5Fin,5,7,1916,1987
189,Feedr,Norm,Duplex,SFoyer,5,5,1979,1979
190,Norm,Norm,TwnhsE,1Story,8,5,2001,2002
191,Norm,Norm,1Fam,2Story,8,8,1932,1994
192,Norm,Norm,1Fam,2Story,7,9,1972,2004
193,Norm,Norm,1Fam,1Story,7,5,1999,1999
194,Norm,Norm,Twnhs,2Story,7,5,2004,2004
195,Norm,Norm,1Fam,1Story,5,7,1972,1972
196,Norm,Norm,Twnhs,2Story,6,6,1976,1976
197,Norm,Norm,1Fam,1Story,7,5,2007,2007
198,Artery,Norm,1Fam,2Story,8,4,1918,1990
199,Norm,Norm,1Fam,2.5Fin,6,6,1912,1950
200,Norm,Norm,1Fam,1Story,8,5,2004,2005
201,Norm,Norm,1Fam,1Story,4,5,2003,2004
202,Norm,Norm,1Fam,1Story,6,6,1977,1977
203,Artery,Norm,1Fam,1.5Fin,6,6,1924,1950
204,Norm,Norm,TwnhsE,1Story,6,5,2004,2004
205,Norm,Norm,1Fam,1.5Fin,5,7,1947,1950
206,Norm,Norm,1Fam,1Story,7,5,1990,1990
207,RRAe,Norm,1Fam,1Story,5,5,1962,1962
208,Norm,Norm,1Fam,1Story,4,5,1960,1960
209,Norm,Norm,1Fam,2Story,7,5,1988,1989
210,Norm,Norm,1Fam,1Story,6,7,1964,1964
211,Norm,Norm,1Fam,1Story,5,6,1925,1950
212,Norm,Norm,1Fam,1Story,6,5,2009,2009
213,Norm,Norm,1Fam,2Story,7,5,2009,2009
214,Norm,Norm,1Fam,1Story,5,5,1995,1995
215,Norm,Norm,1Fam,2Story,6,7,1977,1977
216,Norm,Norm,1Fam,1Story,5,6,1957,1996
217,Norm,Norm,1Fam,1Story,7,5,2004,2004
218,Norm,Norm,1Fam,2Story,4,4,1925,1950
219,Norm,Norm,1Fam,1.5Fin,7,9,1939,2006
220,Norm,Norm,TwnhsE,1Story,7,5,2005,2006
221,Norm,Norm,1Fam,1Story,7,5,2006,2006
222,Norm,Norm,1Fam,2Story,6,5,2002,2002
223,RRAn,Norm,1Fam,2Story,6,6,1975,1975
224,Norm,Norm,1Fam,1Story,4,6,1971,1971
225,Norm,Norm,1Fam,1Story,10,5,2003,2003
226,Norm,Norm,Twnhs,2Story,5,5,1971,1971
227,Norm,Norm,1Fam,2Story,7,5,1995,1995
228,Norm,Norm,Twnhs,2Story,6,6,1970,1970
229,Feedr,Norm,1Fam,1Story,5,5,1967,1967
230,Norm,Norm,TwnhsE,1Story,7,5,2005,2006
231,Norm,Norm,1Fam,1Story,6,6,1959,1959
232,Norm,Norm,1Fam,2Story,8,5,1995,1996
233,Norm,Norm,Twnhs,2Story,6,5,1972,1972
234,Norm,Norm,1Fam,1Story,5,6,1976,1976
235,Norm,Norm,1Fam,2Story,6,5,2002,2002
236,Norm,Norm,TwnhsE,2Story,6,3,1971,1971
237,Norm,Norm,1Fam,1Story,7,5,2004,2004
238,RRNe,Norm,1Fam,2Story,7,7,1993,2003
239,Norm,Norm,1Fam,1Story,8,5,2007,2007
240,Norm,Norm,1Fam,1.5Fin,6,4,1945,1950
241,Norm,Norm,1Fam,1Story,8,5,2008,2008
242,Norm,Norm,1Fam,1Story,5,9,1945,1997
243,Norm,Norm,1Fam,1.5Fin,5,4,1900,1950
244,Norm,Norm,TwnhsE,2Story,6,6,1980,1980
245,Norm,Norm,1Fam,2Story,7,5,1994,2002
246,Norm,Norm,1Fam,1Story,7,5,1988,1988
247,Norm,Norm,2fmCon,2Story,6,8,1910,1950
248,Norm,Norm,1Fam,1Story,6,5,1954,1954
249,Norm,Norm,1Fam,2Story,7,5,2003,2003
250,Norm,Norm,1Fam,1.5Fin,6,7,1958,2006
251,Norm,Norm,1Fam,1Story,3,2,1940,1966
252,Norm,Norm,TwnhsE,1Story,8,5,2006,2007
253,Norm,Norm,1Fam,2Story,6,5,2004,2004
254,Norm,Norm,1Fam,SLvl,6,7,1964,1991
255,Norm,Norm,1Fam,1Story,5,6,1957,1957
256,Norm,Norm,1Fam,2Story,7,5,1999,1999
257,Norm,Norm,1Fam,2Story,6,5,2003,2003
258,Norm,Norm,1Fam,1Story,7,5,2006,2006
259,Norm,Norm,1Fam,2Story,7,5,2001,2001
260,Norm,Norm,1Fam,1Story,5,5,1956,1956
261,Artery,Norm,1Fam,SLvl,6,5,1962,1962
262,Norm,Norm,1Fam,2Story,8,5,2007,2007
263,Norm,Norm,1Fam,SLvl,6,7,1977,1995
264,Norm,Norm,1Fam,1.5Fin,5,7,1929,2001
265,Artery,Norm,1Fam,1Story,5,5,1925,2004
266,Norm,Norm,1Fam,1Story,6,6,1981,1981
267,Norm,Norm,1Fam,2Story,6,5,1997,1997
268,Norm,Norm,1Fam,2.5Fin,5,8,1939,1997
269,Norm,Norm,1Fam,1Story,5,6,1940,1955
270,Norm,Norm,1Fam,1Story,6,7,1976,1976
271,Norm,Norm,1Fam,2Story,8,5,2006,2006
272,Norm,Norm,1Fam,1Story,7,7,1954,2005
273,Norm,Norm,1Fam,2Story,8,7,1999,2007
274,Feedr,Norm,1Fam,1Story,6,6,1958,1988
275,Norm,Norm,1Fam,1Story,5,7,1982,1982
276,Norm,Norm,1Fam,1.5Fin,7,7,1925,2007
277,Norm,Norm,1Fam,1Story,7,5,2003,2003
278,Norm,Norm,1Fam,1Story,4,5,1951,1951
279,Norm,Norm,1Fam,1Story,9,5,2006,2007
280,Norm,Norm,1Fam,2Story,7,5,1977,1977
281,Norm,Norm,1Fam,2Story,7,6,1989,1989
282,Norm,Norm,1Fam,1Story,6,5,2006,2006
283,Norm,Norm,Twnhs,1Story,7,5,2007,2008
284,Feedr,Norm,1Fam,1Story,8,5,2008,2009
285,Norm,Norm,TwnhsE,1Story,6,5,1992,1992
286,Norm,Norm,TwnhsE,2Story,7,5,2006,2007
287,Norm,Norm,1Fam,1.5Fin,6,7,1962,1981
288,Norm,Norm,1Fam,1Story,4,4,1971,1971
289,Norm,Norm,1Fam,1Story,5,5,1967,1967
290,RRAn,Norm,1Fam,2Story,6,7,1915,2003
291,Norm,Norm,1Fam,2Story,8,5,2006,2006
292,Norm,Norm,2fmCon,2Story,5,6,1912,2000
293,Norm,Norm,1Fam,1.5Fin,5,4,1949,2008
294,PosA,Norm,1Fam,2Story,7,7,1977,1994
295,Norm,Norm,1Fam,1Story,6,5,1953,1953
296,Norm,Norm,1Fam,SLvl,6,6,1984,1984
297,Norm,Norm,1Fam,1.5Fin,5,5,1950,1950
298,Norm,Norm,1Fam,2Story,7,5,1997,1998
299,Norm,Norm,1Fam,2Story,6,6,1968,1968
300,Norm,Norm,1Fam,1Story,6,8,1950,2004
301,Norm,Norm,2fmCon,1Story,5,5,1953,1953
302,Norm,Norm,1Fam,2Story,8,5,1998,1999
303,Norm,Norm,1Fam,1Story,7,5,2001,2002
304,Norm,Norm,1Fam,1Story,5,7,1972,1972
305,Norm,Norm,1Fam,2.5Fin,7,9,1880,2002
306,Norm,Norm,1Fam,1Story,8,5,2004,2005
307,Feedr,Norm,1Fam,2Story,7,5,1990,1991
308,Artery,Norm,1Fam,1.5Fin,6,7,1920,1950
309,Norm,Norm,1Fam,1Story,4,5,1940,1950
310,Norm,Norm,1Fam,1Story,9,5,2003,2004
311,Norm,Norm,1Fam,2Story,6,5,1993,1994
312,Norm,Norm,1Fam,1Story,6,6,1948,2002
313,Artery,Norm,2fmCon,1.5Fin,5,7,1939,1950
314,Norm,Norm,1Fam,1Story,7,5,1965,1965
315,Norm,Norm,1Fam,2Story,7,7,1925,1990
316,Norm,Norm,1Fam,2Story,7,5,2004,2005
317,Norm,Norm,1Fam,2Story,7,7,1980,1980
318,Norm,Norm,1Fam,2Story,8,5,2006,2006
319,Norm,Norm,1Fam,2Story,7,5,1993,1993
320,Norm,Norm,1Fam,SLvl,7,5,1980,1980
321,Norm,Norm,1Fam,2Story,9,5,2006,2006
322,Norm,Norm,1Fam,2Story,8,5,2004,2004
323,Norm,Norm,1Fam,2Story,7,5,1986,1987
324,Norm,Norm,1Fam,1Story,3,8,1955,2005
325,PosN,Norm,1Fam,SLvl,7,7,1967,2007
326,RRAe,Norm,1Fam,1.5Unf,5,6,1941,1950
327,Norm,Norm,TwnhsE,1Story,8,5,1993,1993
328,Norm,Norm,1Fam,1Story,6,5,1960,1960
329,PosN,Norm,1Fam,2.5Unf,6,6,1916,1994
330,Norm,Norm,1Fam,2Story,5,5,1920,1950
331,Norm,Norm,Duplex,1Story,5,4,1964,1964
332,Norm,Norm,1Fam,1Story,5,6,1958,1992
333,Norm,Norm,1Fam,1Story,8,5,2003,2004
334,Norm,Norm,TwnhsE,1Story,7,5,2004,2004
335,Norm,Norm,1Fam,2Story,6,5,1998,1998
336,Norm,Norm,2fmCon,1.5Fin,5,6,1965,1965
337,Norm,Norm,1Fam,1Story,9,5,2005,2006
338,Norm,Norm,1Fam,1Story,7,5,2002,2003
339,Norm,Norm,1Fam,1Story,7,7,1984,1998
340,Feedr,Norm,1Fam,1Story,6,7,1958,1998
341,Norm,Norm,1Fam,2Story,8,5,2002,2002
342,Feedr,Norm,1Fam,1Story,4,4,1950,1950
343,Norm,Norm,Duplex,1Story,3,4,1949,1950
344,Norm,Norm,TwnhsE,1Story,9,5,2005,2005
345,Norm,Norm,TwnhsE,2Story,5,3,1976,1976
346,RRAn,Norm,1Fam,1.5Fin,6,5,1939,1950
347,Norm,Norm,1Fam,1Story,6,8,1960,1998
348,Norm,Norm,1Fam,1Story,6,5,1960,1960
349,Norm,Norm,Twnhs,2Story,7,5,2003,2004
350,Norm,Norm,1Fam,2Story,9,5,2005,2006
351,Norm,Norm,TwnhsE,1Story,9,5,2007,2007
352,Norm,Norm,1Fam,1Story,7,5,1986,1986
353,Artery,Norm,1Fam,1.5Fin,5,6,1941,1950
354,Norm,Norm,1Fam,1Story,6,8,1928,2003
355,Norm,Norm,1Fam,1.5Fin,6,5,1940,2000
356,Norm,Norm,1Fam,1Story,6,5,1995,1995
357,Norm,Norm,1Fam,1Story,6,6,1992,1992
358,Norm,Norm,TwnhsE,1Story,5,5,1976,1976
359,Norm,Norm,1Fam,SLvl,5,4,1958,1958
360,Norm,Norm,1Fam,2Story,8,5,1998,1998
361,Norm,Norm,1Fam,SFoyer,6,6,1978,1978
362,Norm,Norm,1Fam,1.5Fin,5,5,1940,1982
363,Norm,Norm,1Fam,SFoyer,7,5,2003,2003
364,Norm,Norm,Twnhs,2Story,6,8,1972,2007
365,Norm,Norm,1Fam,2Story,6,5,1976,1976
366,Norm,Norm,1Fam,2Story,5,7,1920,1997
367,Norm,Norm,1Fam,1Story,6,5,1963,1963
368,Norm,Norm,1Fam,SLvl,6,5,1962,1962
369,Norm,Norm,1Fam,1Story,5,6,1954,1954
370,Norm,Norm,1Fam,1Story,5,7,1959,2006
371,Norm,Norm,1Fam,2Story,6,5,2000,2000
372,Feedr,Norm,1Fam,1.5Fin,4,4,1959,1959
373,Norm,Norm,TwnhsE,1Story,6,5,1984,1984
374,Norm,Norm,1Fam,1Story,5,6,1953,1953
375,Norm,Norm,1Fam,2Story,7,5,2003,2004
376,Norm,Norm,1Fam,1Story,1,1,1922,1950
377,Norm,Norm,1Fam,SFoyer,5,5,1996,1996
378,Norm,Norm,1Fam,2Story,8,5,2004,2005
379,Norm,Norm,1Fam,1Story,9,2,2010,2010
380,RRAn,Norm,1Fam,2Story,6,5,2000,2000
381,Norm,Norm,1Fam,1.5Fin,5,6,1924,1950
382,Norm,Norm,1Fam,1Story,7,5,2006,2006
383,Norm,Norm,1Fam,2Story,7,5,2006,2006
384,Norm,Norm,1Fam,1.5Unf,6,3,1928,1950
385,Feedr,Norm,1Fam,2Story,6,5,1992,1992
386,Norm,Norm,TwnhsE,1Story,8,5,2004,2005
387,Feedr,Norm,1Fam,1.5Fin,5,3,1910,1996
388,Norm,Norm,1Fam,SLvl,6,6,1976,1976
389,Norm,Norm,1Fam,1Story,7,5,1999,2000
390,Norm,Norm,1Fam,2Story,10,5,2007,2008
391,Norm,Norm,1Fam,1.5Fin,5,8,1900,1950
392,Norm,Norm,1Fam,2Story,6,5,2001,2002
393,Norm,Norm,1Fam,1Story,5,7,1959,1959
394,Feedr,Norm,1Fam,1Story,4,5,1941,1950
395,Norm,Norm,1Fam,1.5Fin,5,6,1940,1950
396,Norm,Norm,1Fam,1Story,5,6,1956,1956
397,Norm,Norm,1Fam,1Story,5,5,1972,1972
398,PosN,Norm,1Fam,2Story,5,5,1962,1962
399,Norm,Norm,1Fam,1Story,5,2,1920,1950
400,Norm,Norm,1Fam,2Story,7,5,2006,2007
401,Norm,Norm,TwnhsE,1Story,8,5,1996,1996
402,Norm,Norm,1Fam,1Story,7,5,2005,2005
403,Norm,Norm,1Fam,1Story,5,8,1940,1997
404,Norm,Norm,1Fam,2Story,8,5,1998,1998
405,Norm,Norm,1Fam,2Story,6,5,1995,1996
406,Feedr,Norm,1Fam,1Story,4,4,1976,1993
407,Norm,Norm,1Fam,1.5Fin,6,5,1936,1950
408,Norm,Norm,1Fam,2Story,6,7,1915,1976
409,Norm,Norm,1Fam,2Story,7,5,2006,2006
410,Norm,Norm,1Fam,2Story,8,5,2007,2008
411,Norm,Norm,1Fam,1Story,5,3,1958,1958
412,Norm,Norm,2fmCon,1Story,5,5,1955,1955
413,Norm,Norm,1Fam,1Story,7,5,2009,2009
414,Artery,Norm,1Fam,1Story,5,6,1927,1950
415,Norm,Norm,1Fam,2Story,7,5,1993,1993
416,Norm,Norm,1Fam,1Story,7,5,2007,2007
417,Norm,Norm,1Fam,2Story,6,7,1978,1978
418,Feedr,Norm,1Fam,2Story,6,6,1918,1950
419,Norm,Norm,1Fam,1.5Fin,5,6,1940,1950
420,Norm,Norm,1Fam,1Story,5,6,1968,1968
421,Norm,Norm,Duplex,SFoyer,7,5,1997,1998
422,Norm,Norm,1Fam,1Story,6,7,1977,2000
423,Artery,Norm,1Fam,1Story,5,5,1954,1954
424,Norm,Norm,1Fam,2Story,8,5,1998,1998
425,Norm,Norm,1Fam,1Story,6,5,1956,1956
426,Norm,Norm,1Fam,2Story,7,8,1946,1992
427,Norm,Norm,1Fam,SLvl,7,5,1989,1989
428,Norm,Norm,1Fam,1Story,4,6,1957,1957
429,Norm,Norm,1Fam,1Story,7,5,2007,2007
430,Norm,Norm,1Fam,1Story,6,5,1988,1988
431,Norm,Norm,Twnhs,2Story,6,5,1971,1971
432,Feedr,Norm,1Fam,1.5Fin,6,7,1920,1998
433,Norm,Norm,TwnhsE,2Story,5,5,1971,1971
434,Norm,Norm,1Fam,2Story,6,5,1997,1998
435,Norm,Norm,Twnhs,SFoyer,4,7,1972,1972
436,PosN,Norm,1Fam,2Story,7,6,1996,1996
437,Norm,Norm,1Fam,1.5Fin,6,8,1920,1950
438,Norm,Norm,1Fam,1.5Unf,6,7,1926,2004
439,Norm,Norm,1Fam,1Story,5,6,1913,2002
440,Norm,Norm,1Fam,1.5Fin,6,8,1920,2000
441,Norm,Norm,1Fam,1Story,10,5,2008,2008
442,Norm,Norm,Duplex,1Story,4,4,1955,1955
443,Norm,Norm,1Fam,1.5Fin,5,7,1930,1992
444,Norm,Norm,TwnhsE,1Story,7,5,2006,2007
445,Norm,Norm,1Fam,2Story,7,5,1994,1995
446,Norm,Norm,1Fam,1Story,6,5,1956,1956
447,PosA,Norm,1Fam,1Story,6,6,1966,2002
448,Norm,Norm,1Fam,2Story,7,5,1998,1999
449,Norm,Norm,1Fam,1.5Fin,6,6,1937,1950
450,Norm,Norm,1Fam,1.5Fin,3,7,1948,2002
451,Norm,Norm,1Fam,1Story,6,8,1930,2005
452,Norm,Norm,1Fam,1Story,7,5,1975,1975
453,Norm,Norm,1Fam,2Story,6,5,1996,1997
454,Norm,Norm,1Fam,2Story,8,5,2008,2008
455,Norm,Norm,Duplex,1Story,5,5,1976,1976
456,Norm,Norm,1Fam,1Story,7,6,1973,1973
457,Norm,Norm,1Fam,2Story,5,5,1916,1950
458,Norm,Norm,1Fam,1Story,4,6,1954,1994
459,Norm,Norm,1Fam,2Story,8,7,1925,1996
460,Norm,Norm,1Fam,1.5Fin,5,4,1950,1950
461,RRAn,Norm,1Fam,2Story,8,5,2009,2009
462,Feedr,Norm,1Fam,2Story,7,9,1936,2007
463,Norm,Norm,1Fam,1Story,5,5,1965,1965
464,Norm,Norm,1Fam,2Story,6,7,1934,1995
465,Norm,Norm,1Fam,1Story,5,5,1978,1978
466,Norm,Norm,TwnhsE,1Story,7,5,2004,2004
467,Norm,Norm,1Fam,1Story,7,5,1970,1970
468,Artery,Norm,1Fam,2Story,5,7,1942,1995
469,Norm,Norm,1Fam,1Story,8,5,2006,2006
470,RRNe,Norm,1Fam,2Story,6,5,1993,1993
471,Norm,Norm,TwnhsE,1Story,8,5,1985,1985
472,PosA,Norm,1Fam,2Story,7,6,1977,1977
473,Norm,Norm,TwnhsE,SLvl,6,5,2005,2005
474,Norm,Norm,1Fam,1Story,8,5,2006,2007
475,Norm,Norm,TwnhsE,1Story,8,5,2000,2000
476,Norm,Norm,1Fam,1Story,5,6,1963,1963
477,Norm,Norm,1Fam,1Story,6,5,1997,1998
478,Norm,Norm,1Fam,2Story,9,5,2006,2006
479,Norm,Norm,1Fam,1Story,8,5,2007,2008
480,Norm,Norm,1Fam,1Story,4,7,1937,2000
481,Norm,Norm,1Fam,1Story,9,5,2004,2005
482,Norm,Norm,1Fam,1Story,9,5,2003,2004
483,Norm,Norm,1Fam,2Story,7,8,1915,2005
484,Norm,Norm,Twnhs,1Story,6,5,1998,1998
485,Norm,Norm,1Fam,1Story,5,7,1962,2001
486,Norm,Norm,1Fam,1Story,5,7,1950,2007
487,Norm,Norm,1Fam,1Story,5,7,1965,1965
488,Norm,Norm,1Fam,1Story,5,6,1971,1971
489,Norm,Norm,2fmCon,1.5Fin,5,4,1900,1970
490,Norm,Norm,Twnhs,SFoyer,4,8,1970,2002
491,Norm,Norm,TwnhsE,2Story,5,6,1976,1976
492,Artery,Norm,1Fam,1.5Fin,6,7,1941,1950
493,Norm,Norm,1Fam,2Story,6,5,2006,2006
494,Norm,Norm,1Fam,1Story,5,6,1960,1960
495,Artery,Norm,1Fam,1Story,5,8,1938,1996
496,Norm,Norm,1Fam,1Story,4,5,1920,1950
497,Norm,Norm,1Fam,1Story,8,5,1992,1993
498,Norm,Norm,1Fam,1.5Fin,7,6,1925,1950
499,Norm,Norm,1Fam,1Story,5,7,1967,2004
500,Norm,Norm,1Fam,1Story,5,7,1958,1985
501,Norm,Norm,Twnhs,2Story,6,5,1973,1973
502,Norm,Norm,1Fam,2Story,7,5,2005,2005
503,Feedr,Norm,1Fam,1Story,5,7,1965,1965
504,Norm,Norm,1Fam,1Story,7,8,1959,1997
505,Norm,Norm,TwnhsE,2Story,6,5,1974,1974
506,Artery,Norm,Duplex,2Story,5,5,1952,1952
507,Norm,Norm,1Fam,2Story,8,5,1993,1994
508,Norm,Norm,1Fam,1Story,6,5,2009,2009
509,Norm,Norm,1Fam,2Story,7,9,1928,2005
510,Norm,Norm,1Fam,1Story,5,6,1959,1959
511,Norm,Norm,1Fam,1Story,5,7,1951,2000
512,Norm,Norm,TwnhsE,1Story,7,5,2005,2006
513,Feedr,Norm,1Fam,1Story,5,5,1958,1958
514,Norm,Norm,1Fam,1Story,6,5,1983,1983
515,Norm,Norm,1Fam,1.5Unf,5,5,1926,1950
516,Norm,Norm,1Fam,1Story,10,5,2009,2009
517,Norm,Norm,1Fam,SLvl,6,6,1972,1972
518,Norm,Norm,1Fam,2Story,7,5,1996,1997
519,Norm,Norm,1Fam,2Story,6,5,1998,1998
520,Norm,Norm,1Fam,2Story,7,9,1926,2004
521,Norm,Norm,2fmCon,2Story,4,7,1900,2000
522,Feedr,Norm,1Fam,1Story,6,6,1957,1957
523,Feedr,Norm,1Fam,1.5Fin,6,7,1947,1950
524,PosN,PosN,1Fam,2Story,10,5,2007,2008
525,Norm,Norm,1Fam,2Story,7,5,1996,1997
526,Norm,Norm,1Fam,1Story,7,5,2005,2005
527,Norm,Norm,1Fam,1Story,5,7,1956,2000
528,Norm,Norm,1Fam,2Story,9,5,2008,2008
529,Norm,Norm,1Fam,1Story,4,7,1920,2002
530,Norm,Norm,1Fam,1Story,6,3,1957,1975
531,Norm,Norm,1Fam,SLvl,6,5,1988,1989
532,RRNn,Feedr,1Fam,2Story,6,8,1920,1999
533,Norm,Norm,1Fam,1Story,5,7,1955,2007
534,Norm,Norm,1Fam,1Story,1,3,1946,1950
535,Norm,Norm,1Fam,2Story,8,5,2004,2004
536,Norm,Norm,2fmCon,2Story,5,7,1910,1991
537,Norm,Norm,1Fam,2Story,7,5,1998,1999
538,Norm,Norm,1Fam,1Story,4,5,1972,1972
539,Norm,Norm,1Fam,1Story,5,5,1968,1968
540,Norm,Norm,1Fam,1Story,8,5,2001,2002
541,Norm,Norm,1Fam,1Story,9,5,2006,2006
542,Norm,Norm,1Fam,2Story,8,5,2000,2000
543,RRAn,Norm,1Fam,1Story,7,5,1998,1999
544,Norm,Norm,TwnhsE,SFoyer,7,5,1998,1998
545,Norm,Norm,1Fam,2Story,7,5,2006,2006
546,Norm,Norm,1Fam,1.5Fin,7,5,1988,1988
547,Norm,Norm,1Fam,1.5Fin,6,7,1923,1950
548,Norm,Norm,1Fam,SFoyer,5,7,1970,1970
549,Feedr,RRNn,1Fam,1Story,5,7,1955,1995
550,Norm,Norm,1Fam,2Story,7,5,2003,2004
551,Norm,Norm,TwnhsE,1Story,6,6,1977,1977
552,Norm,Norm,1Fam,1Story,5,6,1957,1957
553,Norm,Norm,1Fam,1Story,8,5,2006,2006
554,Feedr,Norm,1Fam,1Story,4,5,1949,2003
555,Norm,Norm,1Fam,2Story,7,5,2003,2004
556,Norm,Norm,1Fam,1.5Unf,5,6,1922,1950
557,Norm,Norm,1Fam,1Story,5,5,1957,1957
558,Norm,Norm,1Fam,1.5Fin,4,6,1920,1950
559,Norm,Norm,1Fam,2Story,7,5,1996,1997
560,Norm,Norm,TwnhsE,1Story,7,5,2003,2004
561,Norm,Norm,1Fam,1Story,5,6,1957,1996
562,Norm,Norm,1Fam,1Story,5,5,1974,1975
563,Norm,Norm,1Fam,1Story,5,6,1940,1969
564,Norm,Norm,1Fam,1.5Fin,6,7,1918,1950
565,Norm,Norm,1Fam,2Story,7,5,1992,2000
566,Norm,Norm,1Fam,2Story,6,4,1915,1950
567,Norm,Norm,1Fam,2Story,9,5,2005,2007
568,Norm,Norm,1Fam,1Story,7,5,2004,2004
569,Norm,Norm,1Fam,1.5Fin,8,8,1983,2009
570,Norm,Norm,Duplex,SFoyer,5,5,1979,1979
571,Norm,Norm,Duplex,1Story,5,5,1965,1965
572,Norm,Norm,1Fam,1Story,6,6,1959,1959
573,Norm,Norm,1Fam,2Story,7,5,2009,2009
574,Norm,Norm,1Fam,SLvl,7,5,2000,2000
575,Norm,Norm,1Fam,SLvl,5,7,1971,2005
576,Norm,Norm,1Fam,1.5Fin,5,5,1947,1950
577,Norm,Norm,1Fam,1.5Fin,7,7,1928,1950
578,Norm,Norm,1Fam,SLvl,5,6,1966,1966
579,Norm,Norm,TwnhsE,2Story,7,5,2007,2007
580,Norm,Norm,1Fam,1.5Fin,5,5,1954,1954
581,Norm,Norm,1Fam,1Story,6,6,1960,1987
582,Norm,Norm,1Fam,1Story,8,5,2008,2009
583,Norm,Norm,Duplex,SFoyer,6,5,1990,1990
584,Artery,PosA,1Fam,2.5Unf,10,9,1893,2000
585,Norm,Norm,1Fam,1.5Fin,4,7,1935,1995
586,Norm,Norm,1Fam,1Story,8,5,2005,2006
587,RRAn,Norm,1Fam,1Story,6,7,1918,2000
588,Norm,Norm,1Fam,SFoyer,5,6,1982,1982
589,Norm,Norm,1Fam,1Story,5,8,1968,2003
590,RRAn,Feedr,1Fam,1Story,5,6,1930,1960
591,Norm,Norm,1Fam,2Story,7,5,2004,2004
592,Norm,Norm,1Fam,2Story,10,5,2008,2008
593,Norm,Norm,1Fam,1Story,5,8,1982,2003
594,Norm,Norm,TwnhsE,1Story,6,5,2003,2003
595,Norm,Norm,1Fam,1Story,5,6,1975,1975
596,Norm,Norm,1Fam,1Story,8,5,2005,2006
597,Norm,Norm,1Fam,2Story,6,7,1910,1993
598,Norm,Norm,TwnhsE,1Story,7,5,2006,2007
599,Norm,Norm,1Fam,1Story,5,6,1977,1977
600,Norm,Norm,Twnhs,2Story,6,6,1980,1980
601,Norm,Norm,1Fam,2Story,8,5,2005,2005
602,Norm,Norm,1Fam,1.5Fin,6,6,1937,1950
603,Norm,Norm,1Fam,2Story,8,5,1992,1992
604,Norm,Norm,TwnhsE,2Story,7,5,2004,2005
605,Norm,Norm,1Fam,1Story,7,5,2002,2002
606,Norm,Norm,1Fam,2Story,7,6,1965,1990
607,Norm,Norm,1Fam,1Story,5,5,1996,1996
608,Norm,Norm,1Fam,2Story,5,8,1948,2002
609,Norm,Norm,1Fam,2Story,8,6,1934,1998
610,Feedr,Norm,1Fam,1Story,4,5,1961,1961
611,PosN,Norm,1Fam,2Story,9,5,2000,2000
612,Norm,Norm,1Fam,SLvl,6,6,1978,1978
613,Norm,Norm,1Fam,2Story,8,5,2001,2001
614,Feedr,Norm,1Fam,1Story,5,5,2007,2007
615,Norm,Norm,TwnhsE,SFoyer,4,6,1972,1972
616,Feedr,Norm,1Fam,SFoyer,6,7,1963,1963
617,Norm,Norm,1Fam,2Story,6,5,2002,2003
618,Artery,Norm,1Fam,1.5Unf,6,6,1954,1954
619,Norm,Norm,1Fam,1Story,9,5,2007,2007
620,Norm,Norm,1Fam,2Story,8,5,2003,2003
621,Norm,Norm,1Fam,1Story,3,3,1914,1950
622,Norm,Norm,1Fam,2Story,6,7,1974,1997
623,Norm,Norm,1Fam,1Story,5,6,1977,1977
624,Norm,Norm,TwnhsE,2Story,6,5,2000,2000
625,Norm,Norm,1Fam,2Story,6,5,1972,1972
626,Norm,Norm,1Fam,1Story,6,6,1962,1962
627,Norm,Norm,1Fam,1Story,5,5,1960,1978
628,Norm,Norm,1Fam,SLvl,6,6,1955,1972
629,Norm,Norm,1Fam,2Story,5,5,1969,1969
630,Feedr,Norm,1Fam,SLvl,6,5,1964,1964
631,Artery,Norm,1Fam,2Story,5,6,1880,1991
632,Norm,Norm,Twnhs,1Story,8,5,2006,2006
633,Norm,Norm,1Fam,1Story,7,5,1977,1977
634,Norm,Norm,1Fam,1Story,5,7,1954,2005
635,Norm,Norm,Duplex,SFoyer,6,5,1980,1980
636,Feedr,Norm,2fmCon,2.5Fin,6,7,1914,1995
637,Norm,Norm,1Fam,1Story,2,3,1936,1950
638,Norm,Norm,2fmCon,1.5Fin,5,4,1954,1954
639,Feedr,Norm,1Fam,1Story,5,7,1910,1950
640,Norm,Norm,TwnhsE,1Story,8,5,2006,2006
641,Norm,Norm,TwnhsE,1Story,8,5,2003,2004
642,Norm,Norm,1Fam,2Story,7,5,2001,2001
643,Norm,Norm,1Fam,SLvl,8,7,1972,1995
644,RRAn,Norm,1Fam,2Story,5,5,1969,1969
645,Norm,Norm,1Fam,1Story,9,5,2009,2009
646,Norm,Norm,1Fam,1Story,6,5,1971,1971
647,Norm,Norm,1Fam,1Story,5,5,1950,1950
648,Norm,Norm,1Fam,1Story,6,5,1953,1953
649,PosN,Norm,1Fam,2Story,6,5,1966,1966
650,Norm,Norm,Twnhs,SFoyer,4,6,1970,1970
651,Norm,Norm,1Fam,2Story,7,6,2007,2007
652,Artery,Norm,1Fam,2Story,4,5,1940,1950
653,Norm,Norm,1Fam,2Story,7,5,1996,1996
654,Norm,Norm,1Fam,1.5Fin,6,7,1906,1995
655,Norm,Norm,1Fam,1Story,8,6,1995,1995
656,Norm,Norm,Twnhs,2Story,6,5,1971,1971
657,Norm,Norm,1Fam,1Story,5,7,1959,2006
658,Norm,Norm,1Fam,2Story,7,6,1931,2000
659,Artery,Norm,1Fam,1.5Fin,6,5,1948,1950
660,Norm,Norm,1Fam,1Story,5,7,1964,1999
661,Norm,Norm,1Fam,2Story,7,7,1976,1976
662,Norm,Norm,1Fam,2Story,8,7,1994,2005
663,Norm,Norm,1Fam,1Story,6,3,1968,1968
664,Norm,Norm,1Fam,SFoyer,4,5,1972,1972
665,RRAn,Norm,1Fam,1Story,8,5,2005,2006
666,Norm,Norm,1Fam,2Story,8,5,2000,2000
667,Norm,Norm,1Fam,2Story,6,5,1965,1979
668,Norm,Norm,1Fam,1Story,6,5,1994,1998
669,Norm,Norm,1Fam,1Story,5,6,1956,1987
670,Norm,Norm,1Fam,1Story,4,5,1922,1950
671,Norm,Norm,1Fam,2Story,6,5,2005,2005
672,Artery,Norm,1Fam,2Story,6,6,1925,1950
673,Norm,Norm,1Fam,1Story,6,6,1977,1977
674,Norm,Norm,1Fam,1Story,6,7,1957,2004
675,Norm,Norm,1Fam,1Story,6,6,1965,1965
676,Norm,Norm,Twnhs,2Story,6,6,1978,1978
677,Norm,Norm,1Fam,2Story,4,2,1900,1950
678,Norm,Norm,1Fam,1Story,5,8,1924,2006
679,Norm,Norm,1Fam,1Story,8,5,2008,2008
680,Norm,Norm,1Fam,1Story,5,5,1961,1961
681,Norm,Norm,TwnhsE,1Story,6,5,1980,1980
682,Norm,Norm,1Fam,1.5Fin,5,5,1932,2000
683,Norm,Norm,1Fam,1Story,6,5,1996,1997
684,Norm,Norm,1Fam,1Story,9,5,2002,2002
685,Norm,Norm,1Fam,2Story,7,5,1998,1998
686,Norm,Norm,TwnhsE,2Story,7,5,1984,1984
687,Norm,Norm,1Fam,2Story,7,6,2007,2007
688,Norm,Norm,TwnhsE,2Story,7,5,2004,2004
689,Norm,Norm,1Fam,1Story,8,6,2007,2007
690,Norm,Norm,TwnhsE,1Story,6,5,2005,2006
691,Norm,Norm,TwnhsE,1Story,6,5,2004,2004
692,Norm,Norm,1Fam,2Story,10,6,1994,1995
693,Norm,Norm,1Fam,2Story,7,5,1989,1990
694,Norm,Norm,1Fam,1Story,5,6,1921,1968
695,Norm,Norm,1Fam,1.5Fin,5,6,1936,1950
696,Norm,Norm,1Fam,1Story,6,6,1987,1987
697,Norm,Norm,1Fam,1Story,5,7,1921,1950
698,Norm,Norm,1Fam,1Story,5,7,1952,1952
699,RRAe,Norm,1Fam,1Story,5,8,1965,2009
700,Norm,Norm,TwnhsE,1Story,7,5,2004,2004
701,Norm,Norm,1Fam,1Story,8,5,2002,2002
702,Norm,Norm,1Fam,1Story,7,5,1969,1969
703,Norm,Norm,1Fam,2Story,8,5,2006,2006
704,Feedr,Norm,2fmCon,2Story,5,9,1900,1996
705,Norm,Norm,1Fam,1Story,7,5,2004,2005
706,Norm,Norm,2fmCon,2Story,4,5,1930,1950
707,Norm,Norm,1Fam,1Story,7,5,1971,2002
708,Norm,Norm,TwnhsE,1Story,8,5,2006,2006
709,Norm,Norm,1Fam,2Story,7,5,2007,2007
710,Norm,Norm,1Fam,1Story,5,7,1966,1966
711,Norm,Norm,1Fam,1Story,3,6,1935,2003
712,Norm,Norm,1Fam,1.5Fin,4,7,1900,1950
713,Norm,Norm,TwnhsE,1Story,8,5,1988,1989
714,RRAn,Norm,2fmCon,1Story,4,5,1970,1970
715,RRAe,Norm,1Fam,2Story,6,8,1976,2005
716,Norm,Norm,1Fam,1Story,6,5,1974,1974
717,Norm,Norm,1Fam,2Story,7,8,1890,1998
718,Norm,Norm,1Fam,1Story,5,6,1973,2000
719,Norm,Norm,1Fam,2Story,7,5,1993,1994
720,Norm,Norm,1Fam,1Story,5,6,1969,1969
721,Norm,Norm,1Fam,1Story,8,5,1985,1985
722,Norm,Norm,TwnhsE,1Story,6,5,2004,2004
723,Norm,Norm,1Fam,1Story,4,7,1970,1970
724,Norm,Norm,1Fam,1.5Fin,4,6,1954,1972
725,Norm,Norm,1Fam,1Story,9,5,2007,2008
726,Norm,Norm,1Fam,1Story,4,6,1970,1970
727,Norm,Norm,1Fam,1Story,6,9,1988,2007
728,Norm,Norm,1Fam,1Story,7,5,2007,2007
729,Norm,Norm,Duplex,1Story,5,5,1958,1958
730,Norm,Norm,1Fam,1.5Fin,4,5,1925,1950
731,Norm,Norm,TwnhsE,1Story,8,5,1995,1996
732,Norm,Norm,1Fam,SLvl,7,5,2003,2003
733,Norm,Norm,1Fam,2Story,7,5,1998,1999
734,Feedr,Norm,1Fam,1Story,5,6,1961,1983
735,Norm,Norm,1Fam,1Story,5,5,1968,1968
736,Norm,Norm,1Fam,2.5Unf,7,7,1914,1970
737,Norm,Norm,Duplex,1Story,3,4,1950,1950
738,Norm,Norm,1Fam,2Story,8,5,2005,2005
739,Norm,Norm,Duplex,1Story,5,5,1987,1988
740,Norm,Norm,1Fam,2Story,7,5,2004,2004
741,Norm,Norm,1Fam,2Story,5,7,1910,2002
742,Feedr,Norm,1Fam,1Story,6,8,1961,1996
743,Norm,Norm,1Fam,1Story,7,5,2000,2001
744,Norm,Norm,1Fam,SLvl,5,6,1963,1999
745,Norm,Norm,TwnhsE,1Story,8,5,1993,1993
746,Norm,Norm,1Fam,2Story,8,9,1976,1996
747,Norm,Norm,1Fam,2Story,7,5,2000,2000
748,Norm,Norm,1Fam,2Story,7,7,1880,2003
749,Norm,Norm,1Fam,1Story,7,5,1996,1996
750,Norm,Norm,1Fam,1.5Fin,4,3,1945,1950
751,Norm,Norm,1Fam,1.5Fin,4,7,1910,2004
752,RRAn,Norm,1Fam,2Story,7,5,2003,2003
753,Norm,Norm,1Fam,1Story,6,5,1997,1997
754,Norm,Norm,1Fam,2Story,8,5,2005,2005
755,Norm,Norm,1Fam,1Story,6,8,1969,2005
756,Norm,Norm,TwnhsE,2Story,6,5,1999,1999
757,Norm,Norm,1Fam,2Story,8,5,2007,2007
758,Norm,Norm,1Fam,2Story,6,5,1978,1978
759,Norm,Norm,Twnhs,2Story,7,5,1999,1999
760,Norm,Norm,1Fam,2Story,8,5,1995,1995
761,Norm,Norm,1Fam,1Story,6,6,1959,1959
762,Feedr,Norm,1Fam,1Story,5,5,1924,1950
763,Norm,Norm,1Fam,2Story,7,5,2009,2009
764,Norm,Norm,1Fam,2Story,8,5,1999,1999
765,Norm,Norm,TwnhsE,1Story,8,5,1995,1996
766,Norm,Norm,1Fam,1Story,9,5,2008,2008
767,Norm,Norm,1Fam,2Story,7,5,1988,1988
768,Norm,Norm,1Fam,1.5Fin,6,7,1940,1985
769,Norm,Norm,1Fam,1Story,7,5,2004,2005
770,Norm,Norm,1Fam,2Story,8,5,2003,2003
771,Norm,Norm,1Fam,SFoyer,5,5,1982,1982
772,Norm,Norm,1Fam,1Story,4,5,1951,1951
773,Norm,Norm,1Fam,SLvl,6,5,1976,1976
774,Feedr,Norm,1Fam,1Story,5,5,1958,1958
775,Norm,Norm,1Fam,1Story,8,5,2006,2006
776,Norm,Norm,TwnhsE,1Story,6,5,1998,1998
777,Norm,Norm,1Fam,1Story,7,5,2005,2006
778,Norm,Norm,1Fam,1Story,5,5,1974,1974
779,Feedr,Norm,Duplex,1Story,5,5,1977,1977
780,Norm,Norm,Duplex,SFoyer,6,5,1977,1977
781,Norm,Norm,1Fam,1Story,7,5,1995,1996
782,Norm,Norm,1Fam,2Story,6,5,1992,1992
783,Norm,Norm,1Fam,1Story,7,5,2001,2002
784,Norm,Norm,1Fam,SFoyer,5,6,1978,1978
785,Norm,Norm,1Fam,2.5Unf,6,6,1914,2001
786,Feedr,Norm,1Fam,1Story,6,5,1967,1967
787,Artery,Norm,1Fam,1.5Fin,5,6,1915,1950
788,Norm,Norm,1Fam,2Story,7,5,2004,2004
789,Norm,Norm,1Fam,1Story,4,7,1954,2000
790,Norm,Norm,1Fam,2Story,6,8,1966,2007
791,Norm,Norm,TwnhsE,1Story,7,5,2005,2006
792,Norm,Norm,1Fam,SLvl,6,5,1976,1976
793,Norm,Norm,1Fam,2Story,7,5,1996,1997
794,Norm,Norm,1Fam,1Story,8,5,2007,2007
795,Norm,Norm,1Fam,2Story,7,5,1994,1996
796,Norm,Norm,1Fam,2Story,6,6,1980,1981
797,Norm,Norm,1Fam,1Story,6,5,1977,1977
798,Norm,Norm,1Fam,1Story,5,5,1953,1953
799,Norm,Norm,1Fam,2Story,9,5,2008,2009
800,Feedr,Norm,1Fam,1.5Fin,5,7,1937,1950
801,Feedr,Norm,1Fam,2Story,6,5,1997,1997
802,Norm,Norm,1Fam,1Story,4,7,1916,1990
803,Norm,Norm,1Fam,2Story,7,5,2005,2005
804,Norm,Norm,1Fam,2Story,9,5,2008,2009
805,Norm,Norm,1Fam,1Story,5,5,1954,1954
806,Norm,Norm,1Fam,1Story,7,5,2008,2008
807,Norm,Norm,1Fam,SLvl,5,5,1967,1967
808,Norm,Norm,1Fam,2Story,5,6,1923,2004
809,Norm,Norm,1Fam,SLvl,5,5,1966,1966
810,Norm,Norm,1Fam,2.5Unf,5,5,1898,1965
811,Norm,Norm,1Fam,1Story,6,6,1974,1999
812,Norm,Norm,TwnhsE,1Story,6,5,2004,2004
813,Norm,Norm,1Fam,1Story,5,5,1952,1952
814,Norm,Norm,1Fam,1Story,6,6,1958,1958
815,Norm,Norm,1Fam,1.5Fin,5,7,1918,1950
816,Norm,Norm,1Fam,1Story,7,5,1998,1998
817,Norm,Norm,1Fam,1Story,5,6,1954,1954
818,Norm,Norm,1Fam,1Story,8,5,2002,2002
819,Norm,Norm,1Fam,SLvl,6,7,1971,1971
820,Norm,Norm,TwnhsE,1Story,7,5,2009,2010
821,Norm,Norm,1Fam,2Story,7,5,2003,2003
822,Norm,Norm,2fmCon,1Story,4,4,1953,1953
823,Norm,Norm,1Fam,2Story,7,5,2003,2003
824,Norm,Norm,1Fam,1.5Fin,6,7,1940,1950
825,Norm,Norm,1Fam,1Story,8,5,2006,2006
826,PosN,PosN,1Fam,1Story,10,5,2007,2008
827,Norm,Norm,1Fam,1.5Unf,5,6,1924,1950
828,Norm,Norm,1Fam,1Story,7,5,2001,2001
829,Norm,Norm,1Fam,2Story,5,5,1967,1967
830,Norm,Norm,Twnhs,2Story,7,5,2005,2005
831,Norm,Norm,1Fam,1Story,6,5,1957,1957
832,Norm,Norm,TwnhsE,2Story,7,5,2005,2005
833,Norm,Norm,1Fam,2Story,7,6,2003,2003
834,Norm,Norm,1Fam,1Story,6,6,1964,1964
835,Norm,Norm,1Fam,1Story,5,6,1961,1961
836,Norm,Norm,1Fam,1Story,4,7,1950,1995
837,Norm,Norm,1Fam,1Story,5,6,1948,1973
838,Norm,Norm,Twnhs,2Story,6,5,1973,1973
839,Norm,Norm,1Fam,1Story,5,6,1995,2006
840,Norm,Norm,1Fam,1.5Fin,5,6,1946,1995
841,Norm,Norm,1Fam,2Story,6,8,1925,1950
842,Norm,Norm,1Fam,2Story,5,8,1904,2002
843,Norm,Norm,1Fam,SLvl,6,7,1966,1966
844,Artery,Norm,Duplex,1Story,5,4,1961,1961
845,Artery,Norm,1Fam,1.5Fin,5,8,1915,1950
846,RRAe,Norm,1Fam,SFoyer,5,5,1975,1981
847,Norm,Norm,1Fam,2Story,7,5,1993,1993
848,Norm,Norm,1Fam,1Story,5,6,1972,1972
849,Norm,Norm,1Fam,1.5Fin,6,8,1908,1997
850,Feedr,Norm,1Fam,SLvl,6,7,1976,1994
851,Norm,Norm,TwnhsE,1Story,6,5,2003,2003
852,Norm,Norm,TwnhsE,1Story,8,5,2003,2003
853,Norm,Norm,1Fam,2.5Unf,7,5,1941,1950
854,Norm,Norm,1Fam,SLvl,6,6,1964,1964
855,Norm,Norm,1Fam,1Story,5,4,1955,1974
856,Norm,Norm,1Fam,1Story,5,8,1962,2010
857,Norm,Norm,1Fam,SLvl,6,6,1978,1978
858,Norm,Norm,1Fam,2Story,6,5,1994,1995
859,Norm,Norm,1Fam,1Story,7,5,1976,1976
860,PosA,Norm,1Fam,2Story,6,7,1968,1984
861,Norm,Norm,1Fam,1.5Fin,7,8,1918,1998
862,Norm,Norm,2fmCon,1Story,5,4,1965,1965
863,Norm,Norm,1Fam,1Story,6,5,1984,1985
864,Norm,Norm,1Fam,1Story,5,5,1959,1959
865,Norm,Norm,1Fam,1Story,7,5,2007,2008
866,Norm,Norm,1Fam,1Story,5,6,1970,1970
867,Norm,Norm,1Fam,1Story,8,5,2006,2007
868,Feedr,Norm,1Fam,1Story,4,5,1961,1961
869,Feedr,Norm,1Fam,2Story,5,6,1948,1950
870,Norm,Norm,1Fam,2Story,7,5,1993,1994
871,PosN,Norm,1Fam,1Story,5,5,1962,1962
872,Norm,Norm,1Fam,2Story,6,5,1998,1998
873,Norm,Norm,1Fam,1Story,5,7,1953,1996
874,Norm,Norm,1Fam,1Story,5,7,1949,1950
875,Artery,Norm,1Fam,1.5Fin,5,6,1941,1950
876,Norm,Norm,1Fam,2Story,8,5,2007,2007
877,Norm,Norm,1Fam,1Story,4,5,1963,1963
878,Norm,Norm,1Fam,2Story,9,5,2004,2005
879,Norm,Norm,1Fam,SFoyer,5,7,1961,1995
880,Norm,Norm,1Fam,1Story,5,8,1978,2005
881,Norm,Norm,1Fam,1Story,5,5,2005,2006
882,Norm,Norm,1Fam,1.5Fin,7,5,1990,1991
883,Norm,Norm,1Fam,2Story,6,5,1992,1993
884,Norm,Norm,1Fam,2.5Fin,4,5,1912,1950
885,Norm,Norm,1Fam,1Story,5,5,1967,1967
886,Norm,Norm,TwnhsE,1Story,9,5,1999,2000
887,Norm,Norm,Duplex,1Story,5,5,1959,2005
888,Norm,Norm,1Fam,1.5Fin,5,7,1955,1955
889,Norm,Norm,1Fam,1Story,8,6,1970,1970
890,Feedr,Norm,1Fam,1Story,6,4,1953,1953
891,Artery,Norm,1Fam,1.5Fin,5,7,1949,2006
892,Norm,Norm,1Fam,2Story,6,5,1978,1978
893,Norm,Norm,1Fam,1Story,6,8,1963,2003
894,PosN,Norm,1Fam,1Story,5,5,1954,1954
895,Norm,Norm,Duplex,1Story,5,5,1979,1979
896,Norm,Norm,1Fam,2Story,6,5,1963,1963
897,Norm,Norm,1Fam,1Story,4,6,1936,1950
898,Feedr,Norm,Duplex,2Story,5,5,1979,1979
899,Norm,Norm,1Fam,1Story,9,5,2009,2010
900,Feedr,Norm,1Fam,1Story,5,7,1961,1994
901,Norm,Norm,1Fam,1Story,4,6,1971,1971
902,Norm,Norm,1Fam,1Story,5,7,1957,2000
903,Norm,Norm,1Fam,2Story,7,5,2003,2003
904,Norm,Norm,1Fam,1Story,7,5,2006,2006
905,Norm,Norm,1Fam,1Story,5,6,1967,1967
906,Norm,Norm,1Fam,1Story,5,5,1954,1954
907,Norm,Norm,1Fam,1Story,8,5,2006,2006
908,Norm,Norm,1Fam,1.5Fin,7,7,1936,1987
909,Norm,Norm,1Fam,1Story,5,5,1983,1983
910,Norm,Norm,1Fam,2Story,6,5,2005,2005
911,Feedr,Norm,Duplex,2Story,5,5,1960,1960
912,Norm,Norm,1Fam,1Story,5,7,1977,1989
913,Norm,Norm,1Fam,1Story,5,7,1925,1950
914,Norm,Norm,Duplex,2Story,5,6,1949,1950
915,Norm,Norm,TwnhsE,2Story,6,5,2009,2009
916,Norm,Norm,Twnhs,2Story,4,5,1970,1970
917,Norm,Norm,1Fam,1Story,2,3,1949,1950
918,Norm,Norm,1Fam,1Story,4,6,1956,1956
919,Norm,Norm,1Fam,2Story,7,5,1991,1991
920,Norm,Norm,1Fam,1Story,6,8,1958,2002
921,Norm,Norm,1Fam,2Story,6,5,1994,1994
922,Feedr,Norm,Duplex,1.5Fin,5,7,1900,2003
923,RRAn,Norm,1Fam,1Story,6,5,2005,2006
924,Norm,Norm,TwnhsE,1Story,6,5,1993,1994
925,Norm,Norm,1Fam,1Story,6,6,1980,1980
926,Norm,Norm,1Fam,1Story,5,6,1977,1977
927,Norm,Norm,1Fam,2Story,8,5,2003,2004
928,Feedr,Norm,1Fam,2Story,7,5,1968,1968
929,Norm,Norm,1Fam,1Story,8,5,2001,2001
930,Norm,Norm,1Fam,2Story,7,5,1997,1997
931,Norm,Norm,1Fam,1Story,8,5,2007,2007
932,Norm,Norm,1Fam,1Story,5,6,1965,1965
933,RRNn,Norm,1Fam,1Story,9,5,2006,2006
934,Norm,Norm,1Fam,1Story,7,5,2004,2004
935,PosA,Norm,1Fam,1Story,7,7,1960,2007
936,Norm,Norm,1Fam,1Story,4,5,1926,1953
937,Norm,Norm,1Fam,1Story,7,5,2003,2003
938,Norm,Norm,1Fam,2Story,7,5,2005,2005
939,Norm,Norm,1Fam,2Story,7,5,2006,2006
940,Norm,Norm,1Fam,2Story,7,7,1940,1950
941,Norm,Norm,Duplex,1Story,6,5,1976,1976
942,RRNn,Norm,1Fam,2Story,7,5,1999,1999
943,Norm,Norm,Duplex,1Story,4,3,1977,1977
944,Norm,Norm,Duplex,1Story,5,4,1967,1967
945,Norm,Norm,1Fam,SLvl,6,6,1958,1958
946,Norm,Norm,1Fam,1.5Fin,5,6,1890,1996
947,Norm,Norm,1Fam,SLvl,5,6,1959,1959
948,Norm,Norm,1Fam,1Story,8,5,2002,2003
949,Norm,Norm,1Fam,2Story,7,5,2002,2002
950,Norm,Norm,1Fam,1Story,6,7,1972,2006
951,Norm,Norm,1Fam,1Story,5,8,1950,2002
952,Norm,Norm,1Fam,1Story,5,5,1965,1965
953,Norm,Norm,1Fam,SFoyer,5,8,1972,2003
954,Norm,Norm,1Fam,2Story,5,4,1969,1969
955,Norm,Norm,Duplex,SFoyer,6,5,1975,1975
956,Norm,Norm,Duplex,2Story,6,6,1946,1950
957,Norm,Norm,TwnhsE,2Story,6,6,1980,1980
958,Norm,Norm,1Fam,1Story,5,5,1962,1962
959,Norm,Norm,1Fam,1Story,7,5,2003,2003
960,Norm,Norm,Twnhs,2Story,7,5,1999,1999
961,Norm,Norm,1Fam,1Story,5,7,1958,2008
962,PosN,Norm,1Fam,2Story,6,7,1977,1995
963,Norm,Norm,TwnhsE,2Story,6,6,1976,1976
964,Norm,Norm,1Fam,1Story,9,5,2007,2007
965,Norm,Norm,1Fam,2Story,7,5,2002,2003
966,RRAn,Norm,1Fam,2Story,6,5,2005,2007
967,Norm,Norm,1Fam,1.5Fin,5,7,1940,1950
968,Norm,Norm,1Fam,1Story,5,7,1955,1955
969,Norm,Norm,1Fam,1.5Fin,3,6,1910,1950
970,Norm,Norm,2fmCon,SLvl,6,5,1958,1958
971,Norm,Norm,1Fam,1.5Fin,4,4,1949,1950
972,Norm,Norm,Twnhs,2Story,7,5,2003,2004
973,Norm,Norm,TwnhsE,1Story,6,5,1979,1979
974,Norm,Norm,1Fam,1Story,7,5,2007,2008
975,RRAn,Feedr,1Fam,2Story,7,8,1910,1993
976,Norm,Norm,Twnhs,2Story,7,5,2000,2000
977,Norm,Norm,1Fam,1Story,4,7,1923,1958
978,Norm,Norm,TwnhsE,1Story,7,5,2006,2007
979,Norm,Norm,1Fam,1Story,4,5,1954,1954
980,Feedr,Norm,1Fam,1Story,5,6,1963,1963
981,Norm,Norm,1Fam,SFoyer,7,9,1961,2007
982,Norm,Norm,1Fam,2Story,8,5,1998,1999
983,Norm,Norm,1Fam,1Story,7,5,2007,2007
984,Norm,Norm,1Fam,2Story,8,5,2002,2002
985,Norm,Norm,Duplex,1.5Fin,5,5,1977,1977
986,Norm,Norm,2fmCon,1Story,5,5,1950,1950
987,Feedr,Norm,1Fam,1.5Fin,6,8,1910,2003
988,Norm,Norm,1Fam,1Story,9,5,2009,2010
989,Norm,Norm,1Fam,2Story,6,6,1976,1976
990,Norm,Norm,1Fam,2Story,7,5,2006,2006
991,Norm,Norm,1Fam,2Story,8,5,1997,1998
992,Artery,Norm,1Fam,2Story,8,9,1882,1986
993,Norm,Norm,1Fam,2Story,6,8,1964,1993
994,Norm,Norm,1Fam,2Story,6,5,2005,2006
995,Norm,Norm,1Fam,1Story,10,5,2006,2007
996,Feedr,Norm,1Fam,1.5Fin,4,7,1946,1950
997,Norm,Norm,1Fam,1Story,5,6,1961,1961
998,PosA,Norm,1Fam,1Story,6,6,1970,1970
999,Norm,Norm,1Fam,1Story,3,4,1922,1950
1000,Norm,Norm,1Fam,1Story,7,5,2006,2006
1001,Norm,Norm,1Fam,1Story,3,3,1952,1952
1002,Norm,Norm,1Fam,1Story,5,6,1920,1950
1003,RRAn,Norm,1Fam,1Story,8,5,2006,2006
1004,Feedr,RRAn,Duplex,1Story,5,6,1976,1976
1005,Norm,Norm,TwnhsE,1Story,7,5,2005,2006
1006,Norm,Norm,1Fam,SLvl,5,8,1977,1977
1007,PosN,Norm,1Fam,1Story,6,3,1970,1970
1008,Norm,Norm,TwnhsE,2Story,4,4,1970,1970
1009,Norm,Norm,1Fam,1Story,7,5,2004,2005
1010,Norm,Norm,1Fam,1.5Fin,5,5,1926,1950
1011,Norm,Norm,1Fam,1.5Fin,5,5,1948,1950
1012,Norm,Norm,Duplex,1Story,5,5,1965,1965
1013,Norm,Norm,1Fam,2Story,6,7,1923,1996
1014,Norm,Norm,1Fam,1Story,5,4,1910,2006
1015,Artery,Norm,1Fam,1Story,6,5,1948,1950
1016,Norm,Norm,1Fam,2Story,8,6,2001,2001
1017,Norm,Norm,1Fam,1Story,7,5,1996,1996
1018,Norm,Norm,TwnhsE,1Story,8,5,1984,1984
1019,Norm,Norm,1Fam,SLvl,7,5,1991,1992
1020,Norm,Norm,TwnhsE,1Story,7,5,2005,2005
1021,Norm,Norm,1Fam,1Story,4,5,2005,2005
1022,Norm,Norm,1Fam,1Story,7,5,2006,2006
1023,Norm,Norm,1Fam,1.5Fin,5,5,1930,1950
1024,Norm,Norm,TwnhsE,1Story,7,5,2005,2006
1025,Norm,Norm,1Fam,1Story,8,6,1976,1976
1026,Norm,Norm,1Fam,1Story,5,5,1972,1972
1027,Feedr,Norm,1Fam,1Story,5,5,1960,1960
1028,Norm,Norm,1Fam,1Story,8,5,2007,2008
1029,Artery,Norm,1Fam,1.5Fin,5,5,1941,1950
1030,Norm,Norm,Twnhs,2Story,6,7,1972,1972
1031,Norm,Norm,2fmCon,2Story,5,8,1916,1995
1032,Norm,Norm,1Fam,2.5Fin,7,3,1920,1970
1033,Norm,Norm,1Fam,2Story,8,7,1993,1993
1034,Norm,Norm,1Fam,1Story,7,5,2002,2002
1035,Norm,Norm,1Fam,1Story,5,7,1938,1950
1036,Norm,Norm,1Fam,1Story,4,3,1957,1957
1037,Norm,Norm,1Fam,1Story,9,5,2007,2008
1038,Norm,Norm,1Fam,2Story,8,5,2001,2002
1039,Norm,Norm,Twnhs,2Story,4,6,1970,2008
1040,Norm,Norm,TwnhsE,SFoyer,4,4,1970,1970
1041,Norm,Norm,1Fam,1Story,5,4,1957,2000
1042,Feedr,Norm,1Fam,2Story,6,8,1966,2000
1043,Norm,Norm,Twnhs,1Story,6,5,2005,2005
1044,Norm,Norm,1Fam,2Story,7,5,1990,1990
1045,PosN,Norm,1Fam,1Story,8,5,1981,1981
1046,Norm,Norm,1Fam,1Story,3,5,1955,1955
1047,Norm,Norm,1Fam,2Story,9,5,2005,2006
1048,Norm,Norm,1Fam,1Story,5,5,1994,1995
1049,Norm,Norm,1Fam,1Story,5,4,1960,2006
1050,Norm,Norm,1Fam,1Story,4,7,1946,2006
1051,Norm,Norm,1Fam,1Story,7,5,2007,2007
1052,Norm,Norm,1Fam,1Story,7,5,2007,2007
1053,Artery,Norm,1Fam,2Story,6,6,1964,1978
1054,Norm,Norm,1Fam,1Story,5,6,1957,2002
1055,Norm,Norm,1Fam,2Story,8,5,2002,2002
1056,Norm,Norm,1Fam,1Story,6,5,1976,1976
1057,Norm,Norm,TwnhsE,1Story,7,5,2005,2005
1058,Norm,Norm,1Fam,2Story,7,6,1994,1994
1059,Norm,Norm,1Fam,2Story,9,5,2008,2008
1060,Norm,Norm,1Fam,1.5Fin,6,7,1932,1950
1061,Norm,Norm,TwnhsE,1Story,8,5,2001,2001
1062,Norm,Norm,1Fam,1Story,3,4,1935,1950
1063,Norm,Norm,2fmCon,2Story,5,5,1900,1950
1064,Artery,Norm,1Fam,1Story,6,6,1925,1980
1065,Norm,Norm,1Fam,1Story,5,6,1966,1966
1066,Norm,Norm,1Fam,2Story,7,5,1996,1997
1067,Norm,Norm,1Fam,2Story,6,7,1993,1994
1068,Norm,Norm,1Fam,2Story,6,6,1964,1964
1069,Norm,Norm,TwnhsE,2Story,6,4,1973,1973
1070,Norm,Norm,1Fam,1.5Unf,5,7,1949,2003
1071,Norm,Norm,1Fam,1Story,5,5,1956,1956
1072,RRAn,Norm,1Fam,2Story,6,6,1968,1968
1073,Artery,Norm,1Fam,1.5Fin,5,3,1948,1950
1074,Norm,Norm,1Fam,2Story,6,6,1977,1977
1075,Norm,Norm,1Fam,1Story,7,5,2006,2006
1076,Norm,Norm,1Fam,2Story,7,6,1940,1984
1077,Norm,Norm,1Fam,1.5Fin,5,8,1936,1989
1078,Norm,Norm,1Fam,1Story,5,5,1969,1969
1079,Norm,Norm,TwnhsE,1Story,6,5,2004,2004
1080,Norm,Norm,1Fam,1Story,5,5,1994,1994
1081,Norm,Norm,1Fam,1Story,6,7,1971,2004
1082,Feedr,Norm,1Fam,1Story,5,5,1963,1963
1083,Norm,Norm,1Fam,1Story,7,5,2002,2002
1084,Norm,Norm,1Fam,1Story,6,6,1964,1964
1085,Norm,Norm,1Fam,2Story,6,5,1995,1996
1086,Norm,Norm,1Fam,SFoyer,6,6,1992,1992
1087,Norm,Norm,TwnhsE,2Story,4,5,1973,1973
1088,Norm,Norm,1Fam,2Story,8,5,2005,2006
1089,Norm,Norm,Twnhs,2Story,7,5,2004,2004
1090,Norm,Norm,TwnhsE,1Story,8,5,2005,2005
1091,Norm,Norm,Duplex,1Story,3,4,1950,1950
1092,Norm,Norm,Twnhs,2Story,7,5,1999,2000
1093,Norm,Norm,1Fam,1.5Fin,6,5,1925,1950
1094,Feedr,Norm,1Fam,1Story,5,8,1965,1998
1095,Norm,Norm,1Fam,1Story,5,7,1956,2000
1096,Norm,Norm,1Fam,1Story,6,5,2006,2006
1097,Norm,Norm,1Fam,2Story,6,7,1914,2006
1098,Norm,Norm,TwnhsE,1Story,8,5,1986,1986
1099,Norm,Norm,1Fam,1.5Fin,4,6,1936,1950
1100,RRAn,Norm,1Fam,1Story,7,5,1978,1978
1101,Norm,Norm,1Fam,1Story,2,5,1920,1950
1102,Norm,Norm,1Fam,1Story,5,5,1971,1971
1103,Norm,Norm,1Fam,1Story,5,7,1960,2002
1104,Norm,Norm,1Fam,1Story,6,6,1959,1959
1105,Norm,Norm,TwnhsE,2Story,5,5,1970,1970
1106,Norm,Norm,1Fam,2Story,8,5,1994,1995
1107,Feedr,Norm,1Fam,1Story,7,5,1990,1991
1108,Norm,Norm,1Fam,2Story,7,5,2006,2006
1109,Norm,Norm,1Fam,2Story,6,5,2000,2000
1110,Norm,Norm,1Fam,1Story,8,5,2004,2005
1111,Norm,Norm,1Fam,2Story,6,5,1995,1996
1112,Norm,Norm,1Fam,2Story,7,6,1976,1976
1113,Norm,Norm,1Fam,1Story,5,7,1957,1957
1114,Norm,Norm,1Fam,1Story,5,7,1953,2006
1115,Norm,Norm,1Fam,1Story,5,7,1954,2000
1116,Norm,Norm,1Fam,1Story,8,5,2007,2007
1117,Norm,Norm,1Fam,SLvl,8,5,2002,2002
1118,Feedr,Norm,1Fam,1Story,5,7,1967,2003
1119,Norm,Norm,1Fam,SLvl,5,6,1958,1987
1120,Norm,Norm,1Fam,1Story,5,5,1959,1959
1121,Norm,Norm,1Fam,1Story,6,5,1920,1950
1122,Norm,Norm,1Fam,1Story,7,5,2005,2006
1123,Norm,Norm,1Fam,1Story,4,3,1956,1956
1124,Norm,Norm,1Fam,1Story,5,9,1947,2008
1125,Norm,Norm,1Fam,SLvl,7,5,1992,1992
1126,Norm,Norm,1Fam,1Story,4,5,1955,1955
1127,Norm,Norm,TwnhsE,1Story,7,5,2007,2007
1128,Norm,Norm,1Fam,1Story,7,5,2004,2004
1129,Norm,Norm,1Fam,2Story,7,5,2004,2005
1130,Norm,Norm,Duplex,SFoyer,5,5,1980,1980
1131,Norm,Norm,1Fam,1.5Fin,4,3,1928,1950
1132,Norm,Norm,1Fam,1Story,5,5,1991,1992
1133,Norm,Norm,1Fam,2Story,6,4,1880,1950
1134,Norm,Norm,1Fam,2Story,8,5,1995,1995
1135,Norm,Norm,1Fam,2Story,6,5,1997,1997
1136,Norm,Norm,1Fam,1Story,6,5,1926,1950
1137,Norm,Norm,1Fam,1.5Fin,6,5,1950,1950
1138,Feedr,Norm,1Fam,1.5Fin,5,8,1875,1996
1139,Norm,Norm,1Fam,1Story,6,5,1977,1977
1140,Norm,Norm,1Fam,1Story,5,5,1920,1950
1141,Norm,Norm,1Fam,1Story,5,7,1951,1951
1142,PosN,Norm,1Fam,2Story,5,7,1976,1976
1143,Norm,Norm,1Fam,2Story,8,5,2006,2007
1144,Norm,Norm,1Fam,1Story,5,3,1959,1959
1145,Norm,Norm,2fmCon,1.5Fin,4,4,1941,1950
1146,Norm,Norm,1Fam,1.5Fin,5,6,1928,1950
1147,Norm,Norm,1Fam,1Story,6,5,1985,1985
1148,Norm,Norm,1Fam,2Story,7,7,1941,1950
1149,Norm,Norm,1Fam,1.5Fin,7,7,1926,1950
1150,Artery,Norm,1Fam,2Story,7,9,1920,1988
1151,Norm,Norm,1Fam,1Story,6,5,1950,1950
1152,Norm,Norm,1Fam,1Story,5,4,1959,1959
1153,Norm,Norm,1Fam,1Story,6,7,1956,2004
1154,Norm,Norm,1Fam,1Story,6,8,1930,2007
1155,Norm,Norm,1Fam,2Story,7,6,1965,1988
1156,Norm,Norm,1Fam,1Story,5,8,1976,2004
1157,Norm,Norm,1Fam,SLvl,5,8,1965,1999
1158,Norm,Norm,Twnhs,1Story,7,5,2007,2008
1159,Feedr,Norm,1Fam,1Story,8,5,2007,2008
1160,Norm,Norm,1Fam,2Story,6,6,1974,1974
1161,Norm,Norm,Twnhs,2Story,6,5,1978,1978
1162,PosN,Norm,1Fam,1Story,6,7,1954,2006
1163,Norm,Norm,1Fam,1Story,5,5,1968,1968
1164,Feedr,Norm,Duplex,SFoyer,4,4,1969,1969
1165,Feedr,Norm,1Fam,SLvl,5,7,1978,1978
1166,Norm,Norm,1Fam,1Story,7,5,2009,2009
1167,Norm,Norm,1Fam,1Story,8,5,2008,2008
1168,RRAn,Norm,1Fam,2Story,6,5,2000,2000
1169,Norm,Norm,1Fam,2Story,6,7,1935,1986
1170,Norm,Norm,1Fam,2Story,10,5,1995,1996
1171,Norm,Norm,1Fam,SLvl,6,6,1977,1977
1172,Norm,Norm,1Fam,1Story,6,6,1958,1958
1173,Norm,Norm,TwnhsE,2Story,7,5,2006,2007
1174,Norm,Norm,1Fam,1.5Fin,5,6,1946,1994
1175,Norm,Norm,1Fam,2Story,6,8,1932,1950
1176,Norm,Norm,1Fam,1.5Fin,8,5,1992,2000
1177,Norm,Norm,1Fam,1Story,5,5,1984,1985
1178,Artery,Norm,1Fam,1.5Fin,6,8,1926,2004
1179,Norm,Norm,1Fam,1.5Fin,5,6,1921,1950
1180,Norm,Norm,1Fam,1Story,5,5,1954,1954
1181,Norm,Norm,1Fam,2Story,7,5,1990,1991
1182,Norm,Norm,TwnhsE,1Story,8,5,2008,2008
1183,Norm,Norm,1Fam,2Story,10,5,1996,1996
1184,Norm,Norm,1Fam,1Story,5,6,1920,1950
1185,Norm,Norm,1Fam,1Story,5,4,1963,1963
1186,Norm,Norm,1Fam,1.5Fin,5,7,1924,1950
1187,Artery,Artery,2fmCon,2Story,3,5,1900,1970
1188,Norm,Norm,1Fam,1Story,8,5,1994,1995
1189,Norm,Norm,1Fam,2Story,7,5,2002,2002
1190,Norm,Norm,1Fam,2Story,7,5,1999,1999
1191,Norm,Norm,2fmCon,1Story,4,4,1961,1975
1192,Norm,Norm,Twnhs,2Story,8,5,1999,2000
1193,Norm,Norm,1Fam,1.5Fin,5,8,1925,1994
1194,Norm,Norm,TwnhsE,1Story,6,5,1999,1999
1195,Norm,Norm,1Fam,2Story,6,7,1969,1969
1196,Norm,Norm,1Fam,2Story,6,5,2005,2005
1197,Norm,Norm,1Fam,2Story,7,5,2006,2006
1198,Norm,Norm,1Fam,2.5Unf,7,6,1916,1950
1199,Norm,Norm,1Fam,1Story,7,5,2001,2001
1200,Norm,Norm,1Fam,1Story,4,5,1963,1979
1201,Norm,Norm,1Fam,1Story,4,5,1970,1970
1202,Norm,Norm,1Fam,2Story,7,5,1998,1998
1203,Norm,Norm,1Fam,1.5Fin,5,8,1925,1997
1204,Norm,Norm,1Fam,1Story,7,5,2000,2001
1205,Norm,Norm,1Fam,1Story,5,6,1975,1975
1206,Norm,Norm,1Fam,1Story,7,7,1990,1991
1207,Norm,Norm,1Fam,1Story,4,4,1966,1966
1208,Norm,Norm,1Fam,1Story,6,5,2003,2003
1209,Norm,Norm,1Fam,1Story,5,7,1962,1980
1210,RRNn,Norm,1Fam,1Story,8,5,2006,2006
1211,Norm,Norm,1Fam,2Story,6,5,1992,1992
1212,Norm,Norm,1Fam,1.5Fin,8,7,1988,2005
1213,Norm,Norm,1Fam,1Story,4,6,1941,1950
1214,Norm,Norm,1Fam,SLvl,4,9,1965,2001
1215,Norm,Norm,1Fam,SFoyer,5,5,1962,1962
1216,Norm,Norm,1Fam,1Story,5,5,1966,1966
1217,RRAe,Norm,Duplex,1.5Fin,6,5,1978,1978
1218,Norm,Norm,1Fam,1Story,8,5,2009,2009
1219,Norm,Norm,1Fam,1.5Fin,4,5,1947,1950
1220,Norm,Norm,Twnhs,2Story,6,5,1971,1971
1221,Norm,Norm,1Fam,1Story,5,5,1964,1964
1222,Feedr,Norm,1Fam,1Story,5,5,1968,1968
1223,Artery,Norm,1Fam,1.5Fin,6,6,1949,1950
1224,Norm,Norm,1Fam,1Story,5,3,1951,1951
1225,RRAn,Norm,1Fam,2Story,7,5,2004,2005
1226,Norm,Norm,1Fam,SLvl,6,8,1958,1958
1227,Feedr,Norm,1Fam,2Story,6,5,2007,2007
1228,Norm,Norm,1Fam,1Story,5,8,1965,2008
1229,Norm,Norm,TwnhsE,1Story,9,5,2008,2008
1230,Norm,Norm,1Fam,SLvl,5,5,1960,1960
1231,Feedr,RRAe,Duplex,1.5Fin,5,5,1977,1977
1232,Norm,Norm,Duplex,SLvl,5,6,1962,1962
1233,Norm,Norm,Duplex,1Story,4,5,1962,1962
1234,Norm,Norm,1Fam,1Story,5,5,1959,1959
1235,Norm,Norm,1Fam,2Story,5,6,1911,1950
1236,Norm,Norm,1Fam,2Story,5,5,1914,1950
1237,Norm,Norm,Twnhs,2Story,7,5,2003,2003
1238,Norm,Norm,1Fam,2Story,7,5,2004,2005
1239,RRAe,Norm,1Fam,1Story,6,5,2005,2005
1240,Norm,Norm,1Fam,1Story,8,5,2006,2006
1241,Norm,Norm,1Fam,2Story,7,5,2003,2003
1242,Norm,Norm,1Fam,1Story,7,6,2007,2007
1243,Norm,Norm,1Fam,SFoyer,7,6,1974,1974
1244,Norm,Norm,1Fam,1Story,10,5,2006,2006
1245,Norm,Norm,1Fam,2Story,8,7,1929,1950
1246,Norm,Norm,1Fam,SLvl,6,7,1984,2003
1247,Norm,Norm,1Fam,2Story,7,5,2005,2006
1248,Norm,Norm,1Fam,SLvl,6,5,1976,1976
1249,Norm,Norm,1Fam,2.5Unf,6,5,1917,1950
1250,Norm,Norm,1Fam,1Story,5,7,1950,1950
1251,Norm,Norm,1Fam,1Story,7,5,1968,1968
1252,Norm,Norm,TwnhsE,1Story,7,5,2003,2003
1253,Norm,Norm,1Fam,1Story,5,6,1968,1968
1254,Norm,Norm,1Fam,2Story,7,7,1974,2003
1255,Norm,Norm,1Fam,2Story,7,5,2003,2004
1256,Norm,Norm,1Fam,1.5Fin,6,6,1931,1950
1257,Norm,Norm,1Fam,1Story,8,5,1994,1994
1258,Feedr,Norm,1Fam,1Story,5,8,1922,1950
1259,Norm,Norm,1Fam,SLvl,7,5,2005,2005
1260,Norm,Norm,1Fam,1Story,6,8,1969,1969
1261,RRAn,Norm,1Fam,2Story,6,5,1999,1999
1262,Norm,Norm,1Fam,1Story,5,6,1956,1956
1263,Norm,Norm,1Fam,1.5Fin,4,5,1957,1989
1264,Norm,Norm,1Fam,2Story,6,6,1919,1950
1265,Norm,Norm,TwnhsE,1Story,6,5,1998,1999
1266,Norm,Norm,TwnhsE,2Story,7,5,1999,1999
1267,Feedr,Norm,2fmCon,2.5Unf,7,4,1910,1950
1268,Norm,Norm,1Fam,1Story,9,5,2008,2009
1269,Norm,Norm,1Fam,1.5Fin,8,9,1935,1997
1270,Feedr,Norm,1Fam,1.5Fin,5,5,1958,1958
1271,Norm,Norm,1Fam,1Story,7,6,1979,1979
1272,PosN,Norm,1Fam,1Story,6,7,1968,1968
1273,Norm,Norm,1Fam,1Story,5,6,1965,1965
1274,Norm,Norm,1Fam,SLvl,6,7,1959,2006
1275,Norm,Norm,1Fam,1.5Fin,5,6,1910,2003
1276,Feedr,Norm,Duplex,2Story,5,5,1948,1950
1277,Norm,Norm,1Fam,2Story,6,6,1972,1972
1278,Norm,Norm,1Fam,SLvl,6,5,1967,1976
1279,Norm,Norm,1Fam,2Story,8,5,2002,2002
1280,Norm,Norm,1Fam,1.5Fin,4,4,1920,1950
1281,Norm,Norm,1Fam,1Story,7,5,2002,2002
1282,Norm,Norm,1Fam,1Story,7,5,1990,1990
1283,Norm,Norm,1Fam,1Story,5,7,1977,2008
1284,Norm,Norm,Duplex,2Story,6,5,1971,1971
1285,Feedr,Norm,1Fam,1.5Fin,6,7,1919,1990
1286,Norm,Norm,1Fam,1.5Fin,6,6,1939,1950
1287,Feedr,Norm,1Fam,1Story,6,5,1963,1963
1288,Norm,Norm,1Fam,1Story,5,5,1964,1964
1289,Norm,Norm,TwnhsE,1Story,8,5,2000,2000
1290,Norm,Norm,1Fam,2Story,8,5,2006,2006
1291,Norm,Norm,1Fam,SLvl,5,7,1964,1964
1292,Norm,Norm,Twnhs,2Story,5,7,1972,1972
1293,Norm,Norm,1Fam,2Story,5,4,1892,1965
1294,Norm,Norm,1Fam,2Story,7,5,1976,1976
1295,Norm,Norm,1Fam,1Story,5,7,1955,1990
1296,Feedr,Norm,1Fam,1Story,5,5,1968,1968
1297,Norm,Norm,1Fam,1Story,5,6,1963,1963
1298,Norm,Norm,TwnhsE,SFoyer,6,5,2005,2006
1299,Feedr,Norm,1Fam,2Story,10,5,2008,2008
1300,Norm,Norm,1Fam,1Story,5,7,1959,1994
1301,Norm,Norm,1Fam,2Story,7,5,1999,1999
1302,Norm,Norm,1Fam,2Story,6,7,1942,1950
1303,Norm,Norm,1Fam,2Story,8,5,1994,1994
1304,Norm,Norm,1Fam,1Story,7,5,2005,2005
1305,Norm,Norm,TwnhsE,2Story,7,5,2004,2004
1306,Norm,Norm,1Fam,1Story,9,5,2006,2007
1307,Norm,Norm,TwnhsE,1Story,7,5,2005,2006
1308,Norm,Norm,1Fam,1Story,5,5,1994,1995
1309,Norm,Norm,1Fam,1Story,5,7,1948,2005
1310,Norm,Norm,1Fam,1Story,6,5,1991,1991
1311,PosA,Norm,1Fam,1Story,7,8,1959,2002
1312,Norm,Norm,1Fam,1Story,7,5,2005,2007
1313,Norm,Norm,1Fam,2Story,8,5,1990,1990
1314,Norm,Norm,1Fam,2Story,9,5,1999,1999
1315,Norm,Norm,1Fam,1Story,4,6,1954,1954
1316,Norm,Norm,1Fam,2Story,6,5,1969,1969
1317,Norm,Norm,1Fam,1Story,8,5,2008,2008
1318,Norm,Norm,TwnhsE,1Story,7,5,2006,2007
1319,Norm,Norm,1Fam,1Story,8,5,2001,2002
1320,Norm,Norm,1Fam,1Story,4,5,1954,1954
1321,Norm,Norm,1Fam,1Story,6,3,1957,1957
1322,Feedr,Norm,1Fam,1Story,3,6,1949,1950
1323,Norm,Norm,1Fam,2Story,7,5,1992,1992
1324,Norm,Norm,1Fam,1Story,4,7,1940,1950
1325,Norm,Norm,1Fam,1Story,8,5,2006,2007
1326,Norm,Norm,1Fam,1Story,4,4,1922,1950
1327,Norm,Norm,1Fam,1Story,3,6,1931,2006
1328,Norm,Norm,1Fam,1Story,5,9,1982,2008
1329,Norm,Norm,1Fam,1.5Fin,6,7,1920,1950
1330,Norm,Norm,1Fam,2Story,7,5,1998,1998
1331,Norm,Norm,1Fam,1Story,8,5,2006,2006
1332,Norm,Norm,1Fam,SLvl,5,5,1976,1976
1333,Norm,Norm,1Fam,1Story,4,6,1938,1958
1334,Norm,Norm,1Fam,1.5Fin,5,6,1938,1995
1335,Norm,Norm,TwnhsE,2Story,5,6,1970,1970
1336,Norm,Norm,1Fam,1Story,6,5,1977,1977
1337,Feedr,Norm,Duplex,1Story,5,5,1973,1973
1338,Feedr,Norm,1Fam,1Story,4,4,1941,1950
1339,Norm,Norm,1Fam,2Story,7,5,2002,2002
1340,Norm,Norm,1Fam,1Story,5,7,1972,1972
1341,Norm,Norm,1Fam,1Story,4,5,1971,1971
1342,RRAe,Norm,1Fam,1Story,6,5,2003,2004
1343,Norm,Norm,1Fam,2Story,8,5,2002,2002
1344,Norm,Norm,1Fam,1.5Fin,6,6,1928,1950
1345,Norm,Norm,1Fam,2Story,7,5,2006,2006
1346,Norm,Norm,1Fam,1Story,4,4,1920,1950
1347,PosN,Norm,1Fam,1Story,7,7,1968,2003
1348,Norm,Norm,1Fam,1Story,8,5,2006,2007
1349,Norm,Norm,1Fam,1Story,7,5,1998,1998
1350,Norm,Norm,1Fam,2Story,8,5,1872,1987
1351,Artery,Norm,Duplex,2Story,5,5,1969,1969
1352,Norm,Norm,1Fam,2Story,6,6,1962,1962
1353,Norm,Norm,1Fam,1.5Fin,6,9,1937,2000
1354,Norm,Norm,1Fam,1.5Fin,8,5,1995,1996
1355,Norm,Norm,1Fam,2Story,7,5,2000,2000
1356,Norm,Norm,1Fam,SLvl,7,6,1968,1992
1357,Norm,Norm,1Fam,1Story,5,5,1966,1966
1358,Norm,Norm,1Fam,1Story,5,6,1971,2008
1359,Norm,Norm,Twnhs,2Story,6,5,2000,2000
1360,Norm,Norm,1Fam,1Story,9,5,2004,2005
1361,Feedr,Norm,1Fam,2Story,5,6,1921,1998
1362,Norm,Norm,1Fam,1Story,7,5,2005,2005
1363,Feedr,Norm,1Fam,1.5Fin,4,4,1920,2007
1364,Norm,Norm,1Fam,2Story,6,5,2006,2007
1365,Norm,Norm,TwnhsE,2Story,7,5,2005,2005
1366,Norm,Norm,1Fam,2Story,7,5,2000,2000
1367,Norm,Norm,1Fam,2Story,7,5,1999,1999
1368,Norm,Norm,TwnhsE,2Story,5,6,1977,1977
1369,Norm,Norm,TwnhsE,1Story,6,5,2003,2004
1370,Norm,Norm,1Fam,1Story,8,5,2003,2003
1371,Artery,Norm,1Fam,1.5Fin,4,6,1920,1950
1372,Norm,Norm,1Fam,SLvl,6,6,1955,1996
1373,Norm,Norm,1Fam,2Story,7,6,1998,1998
1374,Norm,Norm,1Fam,1Story,10,5,2001,2002
1375,Norm,Norm,1Fam,2Story,7,5,2005,2005
1376,Norm,Norm,1Fam,1Story,8,5,2007,2007
1377,Norm,Norm,1Fam,1Story,6,5,1930,1950
1378,Norm,Norm,1Fam,1.5Fin,5,5,1941,1960
1379,Norm,Norm,Twnhs,2Story,6,5,1973,1973
1380,Norm,Norm,1Fam,SLvl,5,5,2006,2007
1381,Norm,Norm,1Fam,1Story,3,3,1914,1950
1382,Norm,Norm,1Fam,1Story,6,7,1970,1970
1383,Norm,Norm,1Fam,2Story,7,7,1920,1950
1384,Norm,Norm,1Fam,1Story,5,7,1918,2007
1385,Norm,Norm,1Fam,1.5Fin,6,5,1939,1950
1386,Norm,Norm,1Fam,1.5Fin,4,8,1922,2007
1387,RRAn,Norm,1Fam,2Story,7,5,1978,1978
1388,Artery,Norm,1Fam,1.5Fin,6,7,1916,1950
1389,Norm,Norm,1Fam,1Story,9,5,2006,2007
1390,Norm,Norm,1Fam,1.5Fin,6,6,1941,1950
1391,Norm,Norm,1Fam,1Story,7,5,2000,2000
1392,Norm,Norm,Duplex,1Story,5,5,1967,1967
1393,Norm,Norm,1Fam,SFoyer,5,5,1967,1967
1394,Norm,Norm,2fmCon,1.5Fin,6,7,1905,2000
1395,Norm,Norm,TwnhsE,1Story,7,5,2006,2006
1396,Norm,Norm,1Fam,2Story,8,5,2005,2006
1397,Norm,Norm,1Fam,1Story,5,5,1948,1950
1398,Norm,Norm,1Fam,2Story,5,8,1920,2004
1399,Norm,Norm,1Fam,1.5Fin,5,4,1950,1982
1400,Norm,Norm,1Fam,1.5Fin,6,6,1925,1990
1401,Norm,Norm,1Fam,1.5Fin,6,7,1929,1950
1402,Norm,Norm,1Fam,2Story,6,5,2004,2004
1403,Norm,Norm,1Fam,1Story,7,5,2006,2006
1404,RRAn,Norm,1Fam,1Story,8,5,2007,2007
1405,Artery,Norm,1Fam,1.5Fin,3,4,1915,1950
1406,Norm,Norm,TwnhsE,1Story,8,5,2004,2005
1407,Norm,Norm,1Fam,SFoyer,5,7,1972,2007
1408,Norm,Norm,1Fam,1Story,5,5,1985,1985
1409,Norm,Norm,1Fam,2Story,4,7,1910,1950
1410,Norm,Norm,1Fam,2Story,7,6,1986,1991
1411,Norm,Norm,1Fam,2Story,7,5,2001,2001
1412,Norm,Norm,1Fam,1.5Fin,6,8,1950,2005
1413,Norm,Norm,Duplex,1Story,4,5,1949,1950
1414,Norm,Norm,1Fam,1Story,8,5,2005,2006
1415,Norm,Norm,1Fam,1.5Fin,6,7,1923,2000
1416,Norm,Norm,TwnhsE,1Story,7,5,2007,2007
1417,Norm,Norm,2fmCon,2Story,4,6,1885,1950
1418,Norm,Norm,1Fam,2Story,8,5,1998,1998
1419,Norm,Norm,1Fam,1Story,5,5,1963,1963
1420,Norm,Norm,1Fam,1Story,6,5,1969,1969
1421,Norm,Norm,1Fam,2Story,6,6,1968,1968
1422,Norm,Norm,TwnhsE,1Story,6,5,1977,1977
1423,Norm,Norm,TwnhsE,1Story,6,5,2003,2003
1424,Norm,Norm,1Fam,SLvl,6,7,1966,1966
1425,Norm,Norm,1Fam,1Story,5,5,1958,1983
1426,Norm,Norm,1Fam,1Story,6,6,1959,1959
1427,Norm,Norm,1Fam,2Story,7,5,1994,1994
1428,Artery,Norm,1Fam,1.5Fin,5,6,1945,1950
1429,Norm,Norm,1Fam,1Story,5,7,1940,1992
1430,Norm,Norm,1Fam,1Story,6,7,1981,1981
1431,RRAn,Norm,1Fam,2Story,5,5,2005,2005
1432,Norm,Norm,TwnhsE,1Story,6,6,1976,1976
1433,Norm,Norm,1Fam,1Story,4,6,1927,2007
1434,Norm,Norm,1Fam,2Story,6,5,2000,2000
1435,Norm,Norm,1Fam,1Story,5,5,1977,1977
1436,Norm,Norm,1Fam,1Story,6,9,1962,2005
1437,Norm,Norm,1Fam,1Story,4,6,1971,1971
1438,Norm,Norm,1Fam,1Story,8,5,2008,2008
1439,Artery,Norm,1Fam,1Story,6,7,1957,1996
1440,Norm,Norm,1Fam,SLvl,7,6,1979,1979
1441,Norm,Norm,1Fam,2.5Fin,6,7,1922,1994
1442,Norm,Norm,TwnhsE,1Story,6,5,2004,2004
1443,Norm,Norm,1Fam,2Story,10,5,2008,2008
1444,Norm,Norm,1Fam,1.5Unf,6,6,1916,1950
1445,Norm,Norm,1Fam,1Story,7,5,2004,2004
1446,Norm,Norm,1Fam,SFoyer,6,5,1966,1966
1447,Norm,Norm,1Fam,1Story,5,7,1962,1962
1448,Norm,Norm,1Fam,2Story,8,5,1995,1996
1449,Norm,Norm,1Fam,2Story,4,7,1910,2000
1450,Norm,Norm,Twnhs,SFoyer,5,7,1970,1970
1451,Norm,Norm,Duplex,2Story,5,5,1974,1974
1452,Norm,Norm,1Fam,1Story,8,5,2008,2009
1453,Norm,Norm,TwnhsE,SLvl,5,5,2005,2005
1454,Norm,Norm,1Fam,1Story,5,5,2006,2006
1455,Norm,Norm,1Fam,1Story,7,5,2004,2005
1456,Norm,Norm,1Fam,2Story,6,5,1999,2000
1457,Norm,Norm,1Fam,1Story,6,6,1978,1988
1458,Norm,Norm,1Fam,2Story,7,9,1941,2006
1459,Norm,Norm,1Fam,1Story,5,6,1950,1996
1460,Norm,Norm,1Fam,1Story,5,6,1965,1965
