Id,MSSubClass,MSZoning,LotFrontage,LotArea,Street,Alley,LotShape,LandContour,Utilities,LotConfig,LandSlope,Neighborhood
1,60,RL,65,8450,Pave,NA,Reg,Lvl,AllPub,Inside,Gtl,CollgCr
2,20,RL,80,9600,Pave,NA,Reg,Lvl,AllPub,FR2,Gtl,Veenker
3,60,RL,68,11250,Pave,NA,IR1,Lvl,AllPub,Inside,Gtl,CollgCr
4,70,RL,60,9550,Pave,NA,IR1,Lvl,AllPub,Corner,Gtl,Crawfor
5,60,RL,84,14260,Pave,NA,IR1,Lvl,AllPub,FR2,Gtl,NoRidge
6,50,RL,85,14115,Pave,NA,IR1,Lvl,AllPub,Inside,Gtl,Mitchel
7,20,RL,75,10084,Pave,NA,Reg,Lvl,AllPub,Inside,Gtl,Somerst
8,60,RL,0,10382,Pave,NA,IR1,Lvl,AllPub,Corner,Gtl,NWAmes
9,50,RM,51,6120,Pave,NA,Reg,Lvl,AllPub,Inside,Gtl,OldTown
10,190,RL,50,7420,Pave,NA,Reg,Lvl,AllPub,Corner,Gtl,BrkSide
11,20,RL,70,11200,Pave,NA,Reg,Lvl,AllPub,Inside,Gtl,Sawyer
12,60,RL,85,11924,Pave,NA,IR1,Lvl,AllPub,Inside,Gtl,NridgHt
13,20,RL,0,12968,Pave,NA,IR2,Lvl,AllPub,Inside,Gtl,Sawyer
14,20,RL,91,10652,Pave,NA,IR1,Lvl,AllPub,Inside,Gtl,CollgCr
15,20,RL,0,10920,Pave,NA,IR1,Lvl,AllPub,Corner,Gtl,NAmes
16,45,RM,51,6120,Pave,NA,Reg,Lvl,AllPub,Corner,Gtl,BrkSide
17,20,RL,0,11241,Pave,NA,IR1,Lvl,AllPub,CulDSac,Gtl,NAmes
18,90,RL,72,10791,Pave,NA,Reg,Lvl,AllPub,Inside,Gtl,Sawyer
19,20,RL,66,13695,Pave,NA,Reg,Lvl,AllPub,Inside,Gtl,SawyerW
20,20,RL,70,7560,Pave,NA,Reg,Lvl,AllPub,Inside,Gtl,NAmes
21,60,RL,101,14215,Pave,NA,IR1,Lvl,AllPub,Corner,Gtl,NridgHt
22,45,RM,57,7449,Pave,Grvl,Reg,Bnk,AllPub,Inside,Gtl,IDOTRR
23,20,RL,75,9742,Pave,NA,Reg,Lvl,AllPub,Inside,Gtl,CollgCr
24,120,RM,44,4224,Pave,NA,Reg,Lvl,AllPub,Inside,Gtl,MeadowV
25,20,RL,0,8246,Pave,NA,IR1,Lvl,AllPub,Inside,Gtl,Sawyer
26,20,RL,110,14230,Pave,NA,Reg,Lvl,AllPub,Corner,Gtl,NridgHt
27,20,RL,60,7200,Pave,NA,Reg,Lvl,AllPub,Corner,Gtl,NAmes
28,20,RL,98,11478,Pave,NA,Reg,Lvl,AllPub,Inside,Gtl,NridgHt
29,20,RL,47,16321,Pave,NA,IR1,Lvl,AllPub,CulDSac,Gtl,NAmes
30,30,RM,60,6324,Pave,NA,IR1,Lvl,AllPub,Inside,Gtl,BrkSide
31,70,C (all),50,8500,Pave,Pave,Reg,Lvl,AllPub,Inside,Gtl,IDOTRR
32,20,RL,0,8544,Pave,NA,IR1,Lvl,AllPub,CulDSac,Gtl,Sawyer
33,20,RL,85,11049,Pave,NA,Reg,Lvl,AllPub,Corner,Gtl,CollgCr
34,20,RL,70,10552,Pave,NA,IR1,Lvl,AllPub,Inside,Gtl,NAmes
35,120,RL,60,7313,Pave,NA,Reg,Lvl,AllPub,Inside,Gtl,NridgHt
36,60,RL,108,13418,Pave,NA,Reg,Lvl,AllPub,Inside,Gtl,NridgHt
37,20,RL,112,10859,Pave,NA,Reg,Lvl,AllPub,Corner,Gtl,CollgCr
38,20,RL,74,8532,Pave,NA,Reg,Lvl,AllPub,Inside,Gtl,NAmes
39,20,RL,68,7922,Pave,NA,Reg,Lvl,AllPub,Inside,Gtl,NAmes
40,90,RL,65,6040,Pave,NA,Reg,Lvl,AllPub,Inside,Gtl,Edwards
41,20,RL,84,8658,Pave,NA,Reg,Lvl,AllPub,Inside,Gtl,NAmes
42,20,RL,115,16905,Pave,NA,Reg,Lvl,AllPub,Inside,Gtl,Timber
43,85,RL,0,9180,Pave,NA,IR1,Lvl,AllPub,CulDSac,Gtl,SawyerW
44,20,RL,0,9200,Pave,NA,IR1,Lvl,AllPub,CulDSac,Gtl,CollgCr
45,20,RL,70,7945,Pave,NA,Reg,Lvl,AllPub,Inside,Gtl,NAmes
46,120,RL,61,7658,Pave,NA,Reg,Lvl,AllPub,Inside,Gtl,NridgHt
47,50,RL,48,12822,Pave,NA,IR1,Lvl,AllPub,CulDSac,Gtl,Mitchel
48,20,FV,84,11096,Pave,NA,Reg,Lvl,AllPub,Inside,Gtl,Somerst
49,190,RM,33,4456,Pave,NA,Reg,Lvl,AllPub,Inside,Gtl,OldTown
50,20,RL,66,7742,Pave,NA,Reg,Lvl,AllPub,Inside,Gtl,Sawyer
51,60,RL,0,13869,Pave,NA,IR2,Lvl,AllPub,Corner,Gtl,Gilbert
52,50,RM,52,6240,Pave,NA,Reg,Lvl,AllPub,Inside,Gtl,BrkSide
53,90,RM,110,8472,Grvl,NA,IR2,Bnk,AllPub,Corner,Mod,IDOTRR
54,20,RL,68,50271,Pave,NA,IR1,Low,AllPub,Inside,Gtl,Veenker
55,80,RL,60,7134,Pave,NA,Reg,Bnk,AllPub,Inside,Mod,NAmes
56,20,RL,100,10175,Pave,NA,IR1,Lvl,AllPub,Inside,Gtl,NAmes
57,160,FV,24,2645,Pave,Pave,Reg,Lvl,AllPub,Inside,Gtl,Somerst
58,60,RL,89,11645,Pave,NA,IR1,Lvl,AllPub,Corner,Gtl,CollgCr
59,60,RL,66,13682,Pave,NA,IR2,HLS,AllPub,CulDSac,Gtl,StoneBr
60,20,RL,60,7200,Pave,NA,Reg,Bnk,AllPub,Inside,Gtl,CollgCr
61,20,RL,63,13072,Pave,NA,Reg,Lvl,AllPub,Inside,Gtl,SawyerW
62,75,RM,60,7200,Pave,NA,Reg,Lvl,AllPub,Inside,Gtl,IDOTRR
63,120,RL,44,6442,Pave,NA,IR1,Lvl,AllPub,Inside,Gtl,NridgHt
64,70,RM,50,10300,Pave,NA,IR1,Bnk,AllPub,Inside,Gtl,OldTown
65,60,RL,0,9375,Pave,NA,Reg,Lvl,AllPub,Inside,Gtl,CollgCr
66,60,RL,76,9591,Pave,NA,Reg,Lvl,AllPub,Inside,Gtl,NridgHt
67,20,RL,0,19900,Pave,NA,Reg,Lvl,AllPub,Inside,Gtl,NAmes
68,20,RL,72,10665,Pave,NA,IR1,Lvl,AllPub,Inside,Gtl,CollgCr
69,30,RM,47,4608,Pave,NA,Reg,Lvl,AllPub,Corner,Gtl,OldTown
70,50,RL,81,15593,Pave,NA,Reg,Lvl,AllPub,Corner,Gtl,ClearCr
71,20,RL,95,13651,Pave,NA,IR1,Lvl,AllPub,Inside,Gtl,NAmes
72,20,RL,69,7599,Pave,NA,Reg,Lvl,AllPub,Corner,Gtl,Mitchel
73,60,RL,74,10141,Pave,NA,IR1,Lvl,AllPub,Corner,Gtl,Gilbert
74,20,RL,85,10200,Pave,NA,Reg,Lvl,AllPub,Inside,Gtl,NAmes
75,50,RM,60,5790,Pave,NA,Reg,Lvl,AllPub,Corner,Gtl,OldTown
76,180,RM,21,1596,Pave,NA,Reg,Lvl,AllPub,Inside,Gtl,MeadowV
77,20,RL,0,8475,Pave,NA,IR1,Lvl,AllPub,Inside,Gtl,NAmes
78,50,RM,50,8635,Pave,NA,Reg,Lvl,AllPub,Inside,Gtl,BrkSide
79,90,RL,72,10778,Pave,NA,Reg,Lvl,AllPub,Inside,Gtl,Sawyer
80,50,RM,60,10440,Pave,Grvl,Reg,Lvl,AllPub,Corner,Gtl,OldTown
81,60,RL,100,13000,Pave,NA,Reg,Lvl,AllPub,Corner,Gtl,NAmes
82,120,RM,32,4500,Pave,NA,Reg,Lvl,AllPub,FR2,Gtl,Mitchel
83,20,RL,78,10206,Pave,NA,Reg,Lvl,AllPub,Inside,Gtl,Somerst
84,20,RL,80,8892,Pave,NA,IR1,Lvl,AllPub,Inside,Gtl,NAmes
85,80,RL,0,8530,Pave,NA,IR1,Lvl,AllPub,Inside,Gtl,Gilbert
86,60,RL,121,16059,Pave,NA,Reg,Lvl,AllPub,Corner,Gtl,NoRidge
87,60,RL,122,11911,Pave,NA,IR2,Lvl,AllPub,Inside,Gtl,Gilbert
88,160,FV,40,3951,Pave,Pave,Reg,Lvl,AllPub,Corner,Gtl,Somerst
89,50,C (all),105,8470,Pave,NA,IR1,Lvl,AllPub,Corner,Gtl,IDOTRR
90,20,RL,60,8070,Pave,NA,Reg,Lvl,AllPub,Inside,Gtl,CollgCr
91,20,RL,60,7200,Pave,NA,Reg,Lvl,AllPub,Inside,Gtl,NAmes
92,20,RL,85,8500,Pave,NA,Reg,Lvl,AllPub,Inside,Gtl,NAmes
93,30,RL,80,13360,Pave,Grvl,IR1,HLS,AllPub,Inside,Gtl,Crawfor
94,190,C (all),60,7200,Pave,NA,Reg,Lvl,AllPub,Corner,Gtl,OldTown
95,60,RL,69,9337,Pave,NA,IR1,Lvl,AllPub,Inside,Gtl,CollgCr
96,60,RL,0,9765,Pave,NA,IR2,Lvl,AllPub,Corner,Gtl,Gilbert
97,20,RL,78,10264,Pave,NA,IR1,Lvl,AllPub,Inside,Gtl,CollgCr
98,20,RL,73,10921,Pave,NA,Reg,HLS,AllPub,Inside,Gtl,Edwards
99,30,RL,85,10625,Pave,NA,Reg,Lvl,AllPub,Corner,Gtl,Edwards
100,20,RL,77,9320,Pave,NA,IR1,Lvl,AllPub,Inside,Gtl,NAmes
101,20,RL,0,10603,Pave,NA,IR1,Lvl,AllPub,Inside,Gtl,NWAmes
102,60,RL,77,9206,Pave,NA,Reg,Lvl,AllPub,Inside,Gtl,SawyerW
103,90,RL,64,7018,Pave,NA,Reg,Bnk,AllPub,Inside,Gtl,SawyerW
104,20,RL,94,10402,Pave,NA,IR1,Lvl,AllPub,Corner,Gtl,CollgCr
105,50,RM,0,7758,Pave,NA,Reg,Lvl,AllPub,Corner,Gtl,IDOTRR
106,60,FV,75,9375,Pave,NA,Reg,Lvl,AllPub,Inside,Gtl,Somerst
107,30,RM,60,10800,Pave,Grvl,Reg,Lvl,AllPub,Inside,Gtl,OldTown
108,20,RM,50,6000,Pave,NA,Reg,Lvl,AllPub,Inside,Gtl,OldTown
109,50,RM,85,8500,Pave,NA,Reg,Lvl,AllPub,Corner,Gtl,IDOTRR
110,20,RL,105,11751,Pave,NA,IR1,Lvl,AllPub,Inside,Gtl,NWAmes
111,50,RL,75,9525,Pave,NA,Reg,Lvl,AllPub,Inside,Gtl,Edwards
112,80,RL,0,7750,Pave,NA,IR1,Lvl,AllPub,Inside,Gtl,Gilbert
113,60,RL,77,9965,Pave,NA,Reg,Lvl,AllPub,Inside,Gtl,CollgCr
114,20,RL,0,21000,Pave,NA,Reg,Bnk,AllPub,Corner,Gtl,Crawfor
115,70,RL,61,7259,Pave,NA,IR1,Lvl,AllPub,Inside,Mod,Crawfor
116,160,FV,34,3230,Pave,Pave,Reg,Lvl,AllPub,Corner,Gtl,Somerst
117,20,RL,0,11616,Pave,NA,Reg,Lvl,AllPub,Inside,Gtl,Sawyer
118,20,RL,74,8536,Pave,NA,Reg,Lvl,AllPub,Corner,Gtl,Edwards
119,60,RL,90,12376,Pave,NA,Reg,Lvl,AllPub,Corner,Gtl,SawyerW
120,60,RL,65,8461,Pave,NA,Reg,Lvl,AllPub,Inside,Gtl,CollgCr
121,80,RL,0,21453,Pave,NA,IR1,Low,AllPub,CulDSac,Sev,ClearCr
122,50,RM,50,6060,Pave,NA,Reg,Lvl,AllPub,Inside,Gtl,IDOTRR
123,20,RL,75,9464,Pave,NA,Reg,Lvl,AllPub,Corner,Gtl,NAmes
124,120,RL,55,7892,Pave,NA,Reg,Lvl,AllPub,Inside,Gtl,SawyerW
125,20,RL,48,17043,Pave,NA,IR1,Lvl,AllPub,CulDSac,Gtl,NWAmes
126,190,RM,60,6780,Pave,NA,Reg,Lvl,AllPub,Inside,Gtl,IDOTRR
127,120,RL,0,4928,Pave,NA,IR1,Lvl,AllPub,Inside,Gtl,NPkVill
128,45,RM,55,4388,Pave,NA,IR1,Bnk,AllPub,Inside,Gtl,OldTown
129,60,RL,69,7590,Pave,NA,Reg,Lvl,AllPub,Inside,Gtl,NAmes
130,20,RL,69,8973,Pave,NA,Reg,Lvl,AllPub,Inside,Gtl,NAmes
131,60,RL,88,14200,Pave,NA,Reg,Lvl,AllPub,Corner,Gtl,NAmes
132,60,RL,0,12224,Pave,NA,IR1,Lvl,AllPub,Corner,Gtl,Gilbert
133,20,RL,75,7388,Pave,NA,Reg,Lvl,AllPub,Corner,Gtl,NAmes
134,20,RL,0,6853,Pave,NA,IR1,Lvl,AllPub,Inside,Gtl,Timber
135,20,RL,78,10335,Pave,NA,IR1,Lvl,AllPub,Inside,Gtl,Sawyer
136,20,RL,80,10400,Pave,NA,Reg,Lvl,AllPub,Inside,Gtl,NWAmes
137,20,RL,0,10355,Pave,NA,IR1,Lvl,AllPub,Corner,Gtl,NAmes
138,90,RL,82,11070,Pave,NA,Reg,Lvl,AllPub,Inside,Gtl,Mitchel
139,60,RL,73,9066,Pave,NA,IR1,Lvl,AllPub,Inside,Gtl,CollgCr
140,60,RL,65,15426,Pave,NA,IR1,Lvl,AllPub,Inside,Gtl,CollgCr
141,20,RL,70,10500,Pave,NA,Reg,Lvl,AllPub,FR2,Gtl,NAmes
142,20,RL,78,11645,Pave,NA,Reg,Lvl,AllPub,Inside,Gtl,CollgCr
143,50,RL,71,8520,Pave,NA,Reg,Lvl,AllPub,Corner,Gtl,NAmes
144,20,RL,78,10335,Pave,NA,IR1,Lvl,AllPub,Inside,Gtl,CollgCr
145,90,RM,70,9100,Pave,NA,Reg,Lvl,AllPub,Inside,Gtl,Sawyer
146,160,RM,24,2522,Pave,NA,Reg,Lvl,AllPub,Inside,Gtl,Edwards
147,30,RM,51,6120,Pave,NA,Reg,Lvl,AllPub,Corner,Gtl,BrkSide
148,60,RL,0,9505,Pave,NA,IR1,Lvl,AllPub,CulDSac,Gtl,Gilbert
149,20,RL,63,7500,Pave,NA,Reg,Lvl,AllPub,Inside,Gtl,SawyerW
150,50,RM,0,6240,Pave,NA,Reg,Lvl,AllPub,Inside,Gtl,BrkSide
151,20,RL,120,10356,Pave,NA,Reg,Lvl,AllPub,Corner,Gtl,CollgCr
152,20,RL,107,13891,Pave,NA,Reg,Lvl,AllPub,Inside,Gtl,NridgHt
153,60,RL,0,14803,Pave,NA,IR1,Lvl,AllPub,CulDSac,Gtl,NWAmes
154,20,RL,0,13500,Pave,NA,Reg,Lvl,AllPub,Inside,Gtl,ClearCr
155,30,RM,84,11340,Pave,NA,Reg,Lvl,AllPub,Corner,Gtl,OldTown
156,50,RL,60,9600,Pave,NA,Reg,Lvl,AllPub,Corner,Gtl,Edwards
157,20,RL,60,7200,Pave,NA,Reg,Lvl,AllPub,Inside,Gtl,NAmes
158,60,RL,92,12003,Pave,NA,Reg,Lvl,AllPub,Corner,Gtl,Timber
159,60,FV,100,12552,Pave,NA,Reg,Lvl,AllPub,Corner,Gtl,Somerst
160,60,RL,134,19378,Pave,NA,IR1,HLS,AllPub,Corner,Gtl,Gilbert
161,20,RL,0,11120,Pave,NA,IR1,Lvl,AllPub,CulDSac,Gtl,Veenker
162,60,RL,110,13688,Pave,NA,IR1,Lvl,AllPub,Inside,Gtl,NridgHt
163,20,RL,95,12182,Pave,NA,Reg,Lvl,AllPub,Corner,Gtl,NridgHt
164,45,RL,55,5500,Pave,NA,Reg,Lvl,AllPub,Inside,Gtl,OldTown
165,40,RM,40,5400,Pave,Pave,Reg,Lvl,AllPub,Corner,Gtl,OldTown
166,190,RL,62,10106,Pave,NA,Reg,Lvl,AllPub,Inside,Gtl,Edwards
167,20,RL,0,10708,Pave,NA,IR1,Lvl,AllPub,Inside,Gtl,ClearCr
168,60,RL,86,10562,Pave,NA,Reg,Lvl,AllPub,Inside,Gtl,NridgHt
169,60,RL,62,8244,Pave,NA,IR1,Lvl,AllPub,Inside,Gtl,Gilbert
170,20,RL,0,16669,Pave,NA,IR1,Lvl,AllPub,Corner,Gtl,Timber
171,50,RM,0,12358,Pave,NA,IR1,Lvl,AllPub,Inside,Gtl,OldTown
172,20,RL,141,31770,Pave,NA,IR1,Lvl,AllPub,Corner,Gtl,NAmes
173,160,RL,44,5306,Pave,NA,IR1,Lvl,AllPub,Inside,Gtl,StoneBr
174,20,RL,80,10197,Pave,NA,IR1,Lvl,AllPub,Inside,Gtl,NAmes
175,20,RL,47,12416,Pave,NA,IR1,Lvl,AllPub,Inside,Gtl,Timber
176,20,RL,84,12615,Pave,NA,Reg,Lvl,AllPub,Corner,Gtl,Edwards
177,60,RL,97,10029,Pave,NA,IR1,Lvl,AllPub,Corner,Gtl,ClearCr
178,50,RL,0,13650,Pave,NA,Reg,Lvl,AllPub,Inside,Gtl,Sawyer
179,20,RL,63,17423,Pave,NA,IR1,Lvl,AllPub,CulDSac,Gtl,StoneBr
180,30,RM,60,8520,Pave,NA,Reg,Lvl,AllPub,Inside,Gtl,OldTown
181,160,FV,0,2117,Pave,NA,Reg,Lvl,AllPub,Inside,Gtl,Somerst
182,70,RL,54,7588,Pave,NA,Reg,Lvl,AllPub,Inside,Gtl,Crawfor
183,20,RL,60,9060,Pave,NA,Reg,Lvl,AllPub,Inside,Gtl,Edwards
184,50,RM,63,11426,Pave,NA,Reg,Lvl,AllPub,Inside,Gtl,OldTown
185,50,RL,92,7438,Pave,NA,IR1,Lvl,AllPub,Inside,Gtl,BrkSide
186,75,RM,90,22950,Pave,NA,IR2,Lvl,AllPub,Inside,Gtl,OldTown
187,80,RL,0,9947,Pave,NA,IR1,Lvl,AllPub,CulDSac,Gtl,Mitchel
188,50,RL,60,10410,Pave,NA,Reg,Lvl,AllPub,Inside,Gtl,OldTown
189,90,RL,64,7018,Pave,NA,Reg,Bnk,AllPub,Inside,Gtl,SawyerW
190,120,RL,41,4923,Pave,NA,Reg,Lvl,AllPub,Inside,Gtl,StoneBr
191,70,RL,70,10570,Pave,NA,Reg,Bnk,AllPub,Inside,Mod,Crawfor
192,60,RL,0,7472,Pave,NA,IR1,Lvl,AllPub,CulDSac,Gtl,NAmes
193,20,RL,68,9017,Pave,NA,IR1,Lvl,AllPub,Inside,Gtl,CollgCr
194,160,RM,24,2522,Pave,NA,Reg,Lvl,AllPub,Inside,Gtl,Edwards
195,20,RL,60,7180,Pave,NA,IR1,Lvl,AllPub,Inside,Gtl,CollgCr
196,160,RL,24,2280,Pave,NA,Reg,Lvl,AllPub,FR2,Gtl,NPkVill
197,20,RL,79,9416,Pave,NA,Reg,Lvl,AllPub,Inside,Gtl,Somerst
198,75,RL,174,25419,Pave,NA,Reg,Lvl,AllPub,Corner,Gtl,NAmes
199,75,RM,92,5520,Pave,NA,Reg,Lvl,AllPub,Corner,Gtl,OldTown
200,20,RL,76,9591,Pave,NA,Reg,Lvl,AllPub,Inside,Gtl,NridgHt
201,20,RM,80,8546,Pave,NA,Reg,Lvl,AllPub,Corner,Gtl,Edwards
202,20,RL,75,10125,Pave,NA,Reg,Lvl,AllPub,Inside,Gtl,Mitchel
203,50,RL,50,7000,Pave,NA,Reg,Lvl,AllPub,Corner,Gtl,OldTown
204,120,RM,0,4438,Pave,NA,Reg,Lvl,AllPub,Inside,Gtl,CollgCr
205,50,RM,50,3500,Pave,Grvl,Reg,Lvl,AllPub,Inside,Gtl,OldTown
206,20,RL,99,11851,Pave,NA,Reg,Lvl,AllPub,Corner,Gtl,Gilbert
207,20,RL,40,13673,Pave,NA,IR1,Lvl,AllPub,CulDSac,Gtl,Sawyer
208,20,RL,0,12493,Pave,NA,IR1,Lvl,AllPub,Inside,Gtl,NAmes
209,60,RL,0,14364,Pave,NA,IR1,Low,AllPub,Inside,Mod,SawyerW
210,20,RL,75,8250,Pave,NA,Reg,Lvl,AllPub,Inside,Gtl,NAmes
211,30,RL,67,5604,Pave,NA,Reg,Lvl,AllPub,Inside,Gtl,Edwards
212,20,RL,83,10420,Pave,NA,Reg,Lvl,AllPub,Corner,Gtl,Edwards
213,60,FV,72,8640,Pave,NA,Reg,Lvl,AllPub,Inside,Gtl,Somerst
214,20,RL,43,13568,Pave,NA,IR2,Lvl,AllPub,CulDSac,Gtl,CollgCr
215,60,RL,0,10900,Pave,NA,IR1,Lvl,AllPub,FR2,Gtl,CollgCr
216,20,RL,72,10011,Pave,NA,IR1,Lvl,AllPub,Inside,Gtl,NAmes
217,20,RL,65,8450,Pave,NA,Reg,Lvl,AllPub,Inside,Gtl,CollgCr
218,70,RM,57,9906,Pave,Grvl,Reg,Lvl,AllPub,Inside,Gtl,OldTown
219,50,RL,0,15660,Pave,NA,IR1,Lvl,AllPub,Corner,Gtl,Crawfor
220,120,RL,43,3010,Pave,NA,Reg,Lvl,AllPub,Inside,Gtl,Blmngtn
221,20,RL,73,8990,Pave,NA,IR1,Lvl,AllPub,Inside,Gtl,CollgCr
222,60,RL,0,8068,Pave,NA,IR1,Lvl,AllPub,Inside,Gtl,Gilbert
223,60,RL,85,11475,Pave,NA,Reg,Lvl,AllPub,Inside,Gtl,NWAmes
224,20,RL,70,10500,Pave,NA,Reg,Lvl,AllPub,FR2,Gtl,NAmes
225,20,RL,103,13472,Pave,NA,Reg,Lvl,AllPub,Inside,Gtl,NridgHt
226,160,RM,21,1680,Pave,NA,Reg,Lvl,AllPub,Inside,Gtl,BrDale
227,60,RL,82,9950,Pave,NA,IR1,Lvl,AllPub,Inside,Gtl,NoRidge
228,160,RM,21,1869,Pave,NA,Reg,Lvl,AllPub,Inside,Gtl,BrDale
229,20,RL,70,8521,Pave,NA,Reg,Lvl,AllPub,FR2,Gtl,Sawyer
230,120,RL,43,3182,Pave,NA,Reg,Lvl,AllPub,Inside,Gtl,Blmngtn
231,20,RL,73,8760,Pave,NA,Reg,Lvl,AllPub,Inside,Gtl,NAmes
232,60,RL,174,15138,Pave,NA,IR1,Lvl,AllPub,Inside,Gtl,NoRidge
233,160,RM,21,1680,Pave,NA,Reg,Lvl,AllPub,Inside,Gtl,BrDale
234,20,RL,75,10650,Pave,NA,Reg,Lvl,AllPub,Corner,Gtl,CollgCr
235,60,RL,0,7851,Pave,NA,Reg,Lvl,AllPub,Inside,Gtl,Gilbert
236,160,RM,21,1680,Pave,NA,Reg,Lvl,AllPub,Inside,Gtl,BrDale
237,20,RL,65,8773,Pave,NA,Reg,Lvl,AllPub,FR2,Gtl,CollgCr
238,60,RL,0,9453,Pave,NA,IR1,Lvl,AllPub,CulDSac,Gtl,SawyerW
239,20,RL,93,12030,Pave,NA,Reg,Lvl,AllPub,Inside,Gtl,NridgHt
240,50,RL,52,8741,Pave,NA,Reg,Lvl,AllPub,Inside,Gtl,Edwards
241,20,FV,75,9000,Pave,NA,Reg,Lvl,AllPub,Inside,Gtl,Somerst
242,30,RM,40,3880,Pave,NA,Reg,Lvl,AllPub,Inside,Gtl,OldTown
243,50,RM,63,5000,Pave,NA,Reg,Lvl,AllPub,Corner,Gtl,OldTown
244,160,RL,75,10762,Pave,NA,Reg,Lvl,AllPub,Corner,Gtl,SawyerW
245,60,RL,0,8880,Pave,NA,IR1,Lvl,AllPub,Inside,Gtl,SawyerW
246,20,RL,80,10400,Pave,NA,Reg,Lvl,AllPub,Inside,Gtl,NWAmes
247,190,RM,69,9142,Pave,Grvl,Reg,Lvl,AllPub,Inside,Gtl,OldTown
248,20,RL,75,11310,Pave,NA,Reg,Lvl,AllPub,Inside,Gtl,NAmes
249,60,RL,72,11317,Pave,NA,Reg,Lvl,AllPub,Inside,Gtl,CollgCr
250,50,RL,0,159000,Pave,NA,IR2,Low,AllPub,CulDSac,Sev,ClearCr
251,30,RL,55,5350,Pave,NA,IR1,Lvl,AllPub,Inside,Gtl,BrkSide
252,120,RM,44,4750,Pave,NA,IR1,HLS,AllPub,Inside,Mod,Crawfor
253,60,RL,65,8366,Pave,NA,IR1,Lvl,AllPub,Inside,Gtl,SawyerW
254,80,RL,85,9350,Pave,NA,Reg,Lvl,AllPub,Inside,Gtl,NAmes
255,20,RL,70,8400,Pave,NA,Reg,Lvl,AllPub,Inside,Gtl,NAmes
256,60,RL,66,8738,Pave,NA,IR1,Lvl,AllPub,Inside,Gtl,Gilbert
257,60,FV,64,8791,Pave,NA,IR1,Lvl,AllPub,Inside,Gtl,Somerst
258,20,RL,68,8814,Pave,NA,Reg,Lvl,AllPub,Inside,Gtl,CollgCr
259,60,RL,80,12435,Pave,NA,Reg,Lvl,AllPub,Inside,Gtl,CollgCr
260,20,RM,70,12702,Pave,NA,Reg,Lvl,AllPub,Inside,Gtl,OldTown
261,80,RL,120,19296,Pave,NA,Reg,Lvl,AllPub,Corner,Gtl,NAmes
262,60,RL,69,9588,Pave,NA,IR1,Lvl,AllPub,Inside,Gtl,CollgCr
263,80,RL,88,8471,Pave,NA,IR1,Lvl,AllPub,Corner,Gtl,Sawyer
264,50,RM,50,5500,Pave,NA,Reg,Lvl,AllPub,Corner,Gtl,OldTown
265,30,RM,30,5232,Pave,Grvl,IR3,Bnk,AllPub,Inside,Gtl,OldTown
266,20,RL,78,12090,Pave,NA,IR1,Lvl,AllPub,Inside,Gtl,NWAmes
267,60,RL,70,11207,Pave,NA,IR1,HLS,AllPub,FR2,Gtl,Gilbert
268,75,RL,60,8400,Pave,NA,Reg,Bnk,AllPub,Inside,Mod,SWISU
269,30,RM,71,6900,Pave,NA,Reg,Lvl,AllPub,Inside,Gtl,IDOTRR
270,20,RL,0,7917,Pave,NA,IR1,Lvl,AllPub,Corner,Gtl,Edwards
271,60,FV,84,10728,Pave,NA,Reg,Lvl,AllPub,Inside,Gtl,Somerst
272,20,RL,73,39104,Pave,NA,IR1,Low,AllPub,CulDSac,Sev,ClearCr
273,60,RL,92,11764,Pave,NA,IR1,Lvl,AllPub,CulDSac,Gtl,NoRidge
274,20,RL,80,9600,Pave,NA,Reg,Lvl,AllPub,Inside,Gtl,NAmes
275,20,RL,76,8314,Pave,NA,Reg,Lvl,AllPub,Corner,Gtl,Mitchel
276,50,RL,55,7264,Pave,NA,Reg,Lvl,AllPub,Inside,Gtl,BrkSide
277,20,RL,129,9196,Pave,NA,IR1,Lvl,AllPub,Inside,Gtl,Mitchel
278,20,RL,140,19138,Pave,NA,Reg,Lvl,AllPub,Corner,Gtl,Gilbert
279,20,RL,107,14450,Pave,NA,Reg,Lvl,AllPub,Inside,Gtl,NridgHt
280,60,RL,83,10005,Pave,NA,Reg,Lvl,AllPub,Inside,Gtl,ClearCr
281,60,RL,82,11287,Pave,NA,Reg,Lvl,AllPub,Inside,Gtl,SawyerW
282,20,FV,60,7200,Pave,Pave,Reg,Lvl,AllPub,Inside,Gtl,Somerst
283,120,RL,34,5063,Pave,NA,Reg,Lvl,AllPub,Inside,Gtl,NridgHt
284,20,RL,74,9612,Pave,NA,Reg,Lvl,AllPub,Inside,Gtl,Somerst
285,120,RL,50,8012,Pave,NA,Reg,Lvl,AllPub,Inside,Gtl,SawyerW
286,160,FV,35,4251,Pave,Pave,IR1,Lvl,AllPub,Inside,Gtl,Somerst
287,50,RL,77,9786,Pave,NA,IR1,Bnk,AllPub,Inside,Gtl,NAmes
288,20,RL,0,8125,Pave,NA,IR1,Lvl,AllPub,Corner,Gtl,NAmes
289,20,RL,0,9819,Pave,NA,IR1,Lvl,AllPub,Inside,Gtl,Sawyer
290,70,RL,60,8730,Pave,NA,Reg,Lvl,AllPub,Inside,Gtl,BrkSide
291,60,RL,120,15611,Pave,NA,Reg,Lvl,AllPub,Inside,Gtl,CollgCr
292,190,RL,55,5687,Pave,Grvl,Reg,Bnk,AllPub,Inside,Gtl,SWISU
293,50,RL,60,11409,Pave,NA,Reg,Lvl,AllPub,Inside,Gtl,Edwards
294,60,RL,0,16659,Pave,NA,IR1,Lvl,AllPub,Corner,Gtl,NWAmes
295,20,RL,80,9600,Pave,NA,Reg,Lvl,AllPub,Inside,Gtl,NAmes
296,80,RL,37,7937,Pave,NA,IR1,Lvl,AllPub,CulDSac,Gtl,Mitchel
297,50,RM,75,13710,Pave,NA,Reg,Lvl,AllPub,Inside,Gtl,IDOTRR
298,60,FV,66,7399,Pave,Pave,IR1,Lvl,AllPub,Inside,Gtl,Somerst
299,60,RL,90,11700,Pave,NA,Reg,Lvl,AllPub,Inside,Gtl,NWAmes
300,20,RL,80,14000,Pave,NA,Reg,Lvl,AllPub,Inside,Gtl,Crawfor
301,190,RL,90,15750,Pave,NA,Reg,Lvl,AllPub,Corner,Gtl,Crawfor
302,60,RL,66,16226,Pave,NA,IR3,Lvl,AllPub,Inside,Gtl,CollgCr
303,20,RL,118,13704,Pave,NA,IR1,Lvl,AllPub,Corner,Gtl,CollgCr
304,20,RL,70,9800,Pave,NA,Reg,Lvl,AllPub,Corner,Gtl,CollgCr
305,75,RM,87,18386,Pave,NA,Reg,Lvl,AllPub,Inside,Gtl,OldTown
306,20,RL,80,10386,Pave,NA,Reg,Lvl,AllPub,Inside,Gtl,CollgCr
307,60,RL,116,13474,Pave,NA,Reg,Lvl,AllPub,Inside,Gtl,SawyerW
308,50,RM,0,7920,Pave,Grvl,IR1,Lvl,AllPub,Inside,Gtl,IDOTRR
309,30,RL,0,12342,Pave,NA,IR1,Lvl,AllPub,Inside,Gtl,Edwards
310,20,RL,90,12378,Pave,NA,IR1,Lvl,AllPub,Inside,Gtl,NridgHt
311,60,RL,0,7685,Pave,NA,IR1,Lvl,AllPub,Inside,Gtl,Gilbert
312,20,RL,50,8000,Pave,NA,Reg,Lvl,AllPub,Inside,Gtl,NAmes
313,190,RM,65,7800,Pave,NA,Reg,Lvl,AllPub,Inside,Gtl,OldTown
314,20,RL,150,215245,Pave,NA,IR3,Low,AllPub,Inside,Sev,Timber
315,70,RM,60,9600,Pave,Grvl,Reg,Lvl,AllPub,Inside,Gtl,OldTown
316,60,RL,71,7795,Pave,NA,IR1,Lvl,AllPub,Inside,Gtl,Gilbert
317,60,RL,94,13005,Pave,NA,IR1,Lvl,AllPub,Corner,Gtl,NWAmes
318,60,FV,75,9000,Pave,NA,Reg,Lvl,AllPub,Inside,Gtl,Somerst
319,60,RL,90,9900,Pave,NA,Reg,Low,AllPub,Inside,Mod,NoRidge
320,80,RL,0,14115,Pave,NA,Reg,Lvl,AllPub,Inside,Gtl,NWAmes
321,60,RL,111,16259,Pave,NA,Reg,Lvl,AllPub,Corner,Gtl,NridgHt
322,60,RL,99,12099,Pave,NA,IR1,Lvl,AllPub,Inside,Gtl,NridgHt
323,60,RL,86,10380,Pave,NA,IR1,Lvl,AllPub,Inside,Gtl,SawyerW
324,20,RM,49,5820,Pave,NA,Reg,Lvl,AllPub,Inside,Gtl,OldTown
325,80,RL,96,11275,Pave,NA,Reg,Lvl,AllPub,Corner,Gtl,NAmes
326,45,RM,50,5000,Pave,NA,Reg,Lvl,AllPub,Inside,Gtl,IDOTRR
327,120,RL,32,10846,Pave,NA,IR1,Lvl,AllPub,CulDSac,Gtl,Veenker
328,20,RL,80,11600,Pave,NA,Reg,Lvl,AllPub,Inside,Gtl,NAmes
329,75,RL,0,11888,Pave,Pave,IR1,Bnk,AllPub,Inside,Gtl,BrkSide
330,70,RM,60,6402,Pave,NA,Reg,Lvl,AllPub,Corner,Gtl,IDOTRR
331,90,RL,0,10624,Pave,NA,IR1,Lvl,AllPub,Inside,Gtl,NAmes
332,20,RL,70,8176,Pave,NA,Reg,Lvl,AllPub,Inside,Gtl,NAmes
333,20,RL,85,10655,Pave,NA,IR1,Lvl,AllPub,Inside,Gtl,NridgHt
334,120,RM,59,8198,Pave,NA,Reg,Lvl,AllPub,FR3,Gtl,NridgHt
335,60,RL,59,9042,Pave,NA,IR1,Lvl,AllPub,Inside,Gtl,Gilbert
336,190,RL,0,164660,Grvl,NA,IR1,HLS,AllPub,Corner,Sev,Timber
337,20,RL,86,14157,Pave,NA,IR1,HLS,AllPub,Corner,Gtl,StoneBr
338,20,RL,70,9135,Pave,NA,Reg,Lvl,AllPub,Inside,Gtl,CollgCr
339,20,RL,91,14145,Pave,NA,Reg,Lvl,AllPub,Corner,Gtl,NWAmes
340,20,RL,66,12400,Pave,NA,IR1,Lvl,AllPub,Inside,Gtl,NAmes
341,60,RL,85,14191,Pave,NA,Reg,Lvl,AllPub,Inside,Gtl,Timber
342,20,RH,60,8400,Pave,NA,Reg,Lvl,AllPub,Inside,Gtl,SawyerW
343,90,RL,0,8544,Pave,NA,Reg,Lvl,AllPub,Inside,Gtl,NAmes
344,120,RL,63,8849,Pave,NA,IR1,Lvl,AllPub,Inside,Gtl,NridgHt
345,160,RM,36,2592,Pave,NA,Reg,Lvl,AllPub,Inside,Gtl,MeadowV
346,50,RL,65,6435,Pave,NA,Reg,Lvl,AllPub,Inside,Gtl,BrkSide
347,20,RL,0,12772,Pave,NA,IR1,Lvl,AllPub,CulDSac,Gtl,NAmes
348,20,RL,0,17600,Pave,NA,IR1,Lvl,AllPub,Inside,Gtl,NAmes
349,160,RL,36,2448,Pave,NA,Reg,Lvl,AllPub,Inside,Gtl,NridgHt
350,60,RL,56,20431,Pave,NA,IR2,Lvl,AllPub,Inside,Gtl,NridgHt
351,120,RL,68,7820,Pave,NA,IR1,Lvl,AllPub,Inside,Gtl,NridgHt
352,120,RL,0,5271,Pave,NA,IR1,Low,AllPub,Inside,Mod,ClearCr
353,50,RL,60,9084,Pave,NA,Reg,Lvl,AllPub,Inside,Gtl,Edwards
354,30,RM,60,8520,Pave,NA,Reg,Lvl,AllPub,Inside,Gtl,OldTown
355,50,RL,60,8400,Pave,NA,Reg,Bnk,AllPub,Inside,Gtl,SWISU
356,20,RL,105,11249,Pave,NA,IR2,Lvl,AllPub,Inside,Gtl,CollgCr
357,20,RL,0,9248,Pave,NA,IR1,Lvl,AllPub,Inside,Gtl,Gilbert
358,120,RM,44,4224,Pave,NA,Reg,Lvl,AllPub,Inside,Gtl,MeadowV
359,80,RL,92,6930,Pave,NA,IR1,Lvl,AllPub,Inside,Gtl,ClearCr
360,60,RL,78,12011,Pave,NA,IR1,Lvl,AllPub,CulDSac,Gtl,NoRidge
361,85,RL,0,7540,Pave,NA,IR1,Lvl,AllPub,CulDSac,Gtl,Mitchel
362,50,RL,0,9144,Pave,Pave,Reg,Lvl,AllPub,Inside,Gtl,BrkSide
363,85,RL,64,7301,Pave,NA,Reg,Lvl,AllPub,Corner,Gtl,Edwards
364,160,RM,21,1680,Pave,NA,Reg,Lvl,AllPub,Inside,Gtl,BrDale
365,60,RL,0,18800,Pave,NA,IR1,Lvl,AllPub,FR2,Gtl,NWAmes
366,70,RM,59,10690,Pave,NA,Reg,Lvl,AllPub,Inside,Gtl,IDOTRR
367,20,RL,0,9500,Pave,NA,IR1,Lvl,AllPub,Inside,Gtl,NAmes
368,80,RL,101,9150,Pave,NA,IR1,Lvl,AllPub,Corner,Gtl,NAmes
369,20,RL,78,7800,Pave,NA,Reg,Lvl,AllPub,Inside,Gtl,NAmes
370,20,RL,0,9830,Pave,NA,IR1,Lvl,AllPub,Corner,Gtl,NAmes
371,60,RL,0,8121,Pave,NA,IR1,Lvl,AllPub,Inside,Gtl,Gilbert
372,50,RL,80,17120,Pave,NA,Reg,Lvl,AllPub,Inside,Gtl,ClearCr
373,120,RL,50,7175,Pave,NA,Reg,Lvl,AllPub,Inside,Gtl,SawyerW
374,20,RL,79,10634,Pave,NA,Reg,Lvl,AllPub,Inside,Gtl,NAmes
375,60,RL,65,8200,Pave,NA,Reg,Lvl,AllPub,Inside,Gtl,CollgCr
376,30,RL,0,10020,Pave,NA,IR1,Low,AllPub,Inside,Sev,Edwards
377,85,RL,57,8846,Pave,NA,IR1,Lvl,AllPub,CulDSac,Gtl,CollgCr
378,60,FV,102,11143,Pave,NA,IR1,Lvl,AllPub,Corner,Gtl,Somerst
379,20,RL,88,11394,Pave,NA,Reg,Lvl,AllPub,Corner,Gtl,StoneBr
380,60,RL,60,8123,Pave,NA,IR1,Lvl,AllPub,Inside,Gtl,Gilbert
381,50,RL,50,5000,Pave,Pave,Reg,Lvl,AllPub,Inside,Gtl,SWISU
382,20,FV,60,7200,Pave,Pave,Reg,Lvl,AllPub,Inside,Gtl,Somerst
383,60,RL,79,9245,Pave,NA,IR1,Lvl,AllPub,Inside,Gtl,CollgCr
384,45,RH,60,9000,Pave,NA,Reg,Lvl,AllPub,Corner,Gtl,SawyerW
385,60,RL,0,53107,Pave,NA,IR2,Low,AllPub,Corner,Mod,ClearCr
386,120,RL,43,3182,Pave,NA,Reg,Lvl,AllPub,Inside,Gtl,Blmngtn
387,50,RL,58,8410,Pave,NA,Reg,Lvl,AllPub,FR2,Gtl,Edwards
388,80,RL,72,7200,Pave,NA,Reg,Lvl,AllPub,Inside,Gtl,Edwards
389,20,RL,93,9382,Pave,NA,IR1,Lvl,AllPub,CulDSac,Gtl,CollgCr
390,60,RL,96,12474,Pave,NA,Reg,Lvl,AllPub,Inside,Gtl,NridgHt
391,50,RL,50,8405,Pave,Grvl,Reg,Lvl,AllPub,Inside,Gtl,Edwards
392,60,RL,71,12209,Pave,NA,IR1,Lvl,AllPub,CulDSac,Gtl,Mitchel
393,20,RL,0,8339,Pave,NA,IR1,Lvl,AllPub,Inside,Gtl,NAmes
394,30,RL,0,7446,Pave,NA,Reg,Lvl,AllPub,Corner,Gtl,BrkSide
395,50,RL,60,10134,Pave,NA,Reg,Lvl,AllPub,Inside,Gtl,OldTown
396,20,RL,68,9571,Pave,NA,Reg,Lvl,AllPub,Inside,Gtl,Edwards
397,20,RL,60,7200,Pave,NA,Reg,Low,AllPub,Inside,Gtl,CollgCr
398,60,RL,69,7590,Pave,NA,Reg,Lvl,AllPub,Inside,Gtl,NAmes
399,30,RM,60,8967,Pave,NA,Reg,Lvl,AllPub,Corner,Gtl,IDOTRR
400,60,FV,65,8125,Pave,NA,Reg,Lvl,AllPub,Inside,Gtl,Somerst
401,120,RL,38,14963,Pave,NA,IR2,Lvl,AllPub,Inside,Gtl,Veenker
402,20,RL,65,8767,Pave,NA,IR1,Lvl,AllPub,Inside,Gtl,CollgCr
403,30,RL,60,10200,Pave,NA,Reg,Lvl,AllPub,Inside,Gtl,Sawyer
404,60,RL,93,12090,Pave,NA,Reg,Lvl,AllPub,Corner,Gtl,NoRidge
405,60,RL,0,10364,Pave,NA,IR1,Lvl,AllPub,Inside,Gtl,Gilbert
406,20,RL,0,9991,Pave,NA,IR1,Lvl,AllPub,Corner,Gtl,Sawyer
407,50,RL,51,10480,Pave,NA,Reg,Lvl,AllPub,Inside,Gtl,SWISU
408,70,RL,63,15576,Pave,NA,Reg,Lvl,AllPub,Inside,Gtl,Crawfor
409,60,RL,109,14154,Pave,NA,Reg,Lvl,AllPub,Corner,Gtl,NridgHt
410,60,FV,85,10800,Pave,NA,Reg,Lvl,AllPub,Inside,Gtl,Somerst
411,20,RL,68,9571,Pave,NA,Reg,Lvl,AllPub,Inside,Gtl,Edwards
412,190,RL,100,34650,Pave,NA,Reg,Bnk,AllPub,Inside,Gtl,Gilbert
413,20,FV,0,4403,Pave,NA,IR2,Lvl,AllPub,Inside,Gtl,Somerst
414,30,RM,56,8960,Pave,Grvl,Reg,Lvl,AllPub,Inside,Gtl,OldTown
415,60,RL,59,11228,Pave,NA,IR2,Lvl,AllPub,CulDSac,Gtl,SawyerW
416,20,RL,73,8899,Pave,NA,IR1,Lvl,AllPub,Inside,Gtl,Gilbert
417,60,RL,74,7844,Pave,NA,Reg,Lvl,AllPub,Inside,Gtl,Sawyer
418,70,RL,86,22420,Pave,NA,IR1,Lvl,AllPub,Inside,Gtl,Crawfor
419,50,RL,60,8160,Pave,NA,Reg,Lvl,AllPub,Inside,Gtl,Edwards
420,20,RL,65,8450,Pave,NA,Reg,Lvl,AllPub,Inside,Gtl,NAmes
421,90,RM,78,7060,Pave,NA,Reg,Lvl,AllPub,Inside,Gtl,Mitchel
422,20,RL,0,16635,Pave,NA,IR1,Lvl,AllPub,FR2,Gtl,NWAmes
423,20,RL,100,21750,Pave,NA,Reg,HLS,AllPub,Inside,Mod,Mitchel
424,60,RL,80,9200,Pave,NA,Reg,Lvl,AllPub,Inside,Gtl,NoRidge
425,20,RL,72,9000,Pave,NA,Reg,Lvl,AllPub,Inside,Gtl,NAmes
426,60,RM,60,3378,Pave,Grvl,Reg,HLS,AllPub,Inside,Gtl,OldTown
427,80,RL,0,12800,Pave,NA,Reg,Low,AllPub,Inside,Mod,SawyerW
428,20,RL,77,8593,Pave,NA,IR1,Lvl,AllPub,Inside,Gtl,NAmes
429,20,RL,64,6762,Pave,NA,Reg,Lvl,AllPub,Inside,Gtl,CollgCr
430,20,RL,130,11457,Pave,NA,IR1,Lvl,AllPub,Corner,Gtl,Timber
431,160,RM,21,1680,Pave,NA,Reg,Lvl,AllPub,Inside,Gtl,BrDale
432,50,RM,60,5586,Pave,NA,IR1,Bnk,AllPub,Inside,Gtl,OldTown
433,160,RM,24,1920,Pave,NA,Reg,Lvl,AllPub,Inside,Gtl,BrDale
434,60,RL,100,10839,Pave,NA,IR1,Lvl,AllPub,Corner,Gtl,Gilbert
435,180,RM,21,1890,Pave,NA,Reg,Lvl,AllPub,Inside,Gtl,MeadowV
436,60,RL,43,10667,Pave,NA,IR2,Lvl,AllPub,CulDSac,Gtl,CollgCr
437,50,RM,40,4400,Pave,NA,Reg,Lvl,AllPub,Inside,Gtl,OldTown
438,45,RM,50,6000,Pave,NA,Reg,Lvl,AllPub,Inside,Gtl,BrkSide
439,30,RL,40,4280,Pave,NA,Reg,Lvl,AllPub,Inside,Gtl,Crawfor
440,50,RL,67,12354,Pave,Grvl,Reg,Lvl,AllPub,Corner,Gtl,Edwards
441,20,RL,105,15431,Pave,NA,Reg,Lvl,AllPub,Inside,Gtl,NridgHt
442,90,RL,92,12108,Pave,NA,Reg,Lvl,AllPub,Inside,Gtl,Edwards
443,50,RM,52,6240,Pave,NA,Reg,Lvl,AllPub,Inside,Gtl,BrkSide
444,120,RL,53,3922,Pave,NA,Reg,Lvl,AllPub,Inside,Gtl,Blmngtn
445,60,RL,70,8750,Pave,NA,Reg,Lvl,AllPub,Inside,Gtl,CollgCr
446,20,RL,73,9855,Pave,NA,Reg,Lvl,AllPub,Corner,Gtl,Edwards
447,20,RL,137,16492,Pave,NA,IR1,Lvl,AllPub,Corner,Gtl,NAmes
448,60,RL,0,11214,Pave,NA,IR1,Lvl,AllPub,Corner,Gtl,Gilbert
449,50,RM,50,8600,Pave,NA,Reg,Bnk,AllPub,Inside,Gtl,IDOTRR
450,50,RM,50,6000,Pave,NA,Reg,Lvl,AllPub,Inside,Gtl,OldTown
451,30,RM,70,5684,Pave,NA,Reg,Lvl,AllPub,Inside,Gtl,OldTown
452,20,RL,62,70761,Pave,NA,IR1,Low,AllPub,Inside,Mod,ClearCr
453,60,RL,0,9303,Pave,NA,IR1,Lvl,AllPub,Corner,Gtl,Timber
454,60,FV,75,9000,Pave,NA,Reg,Lvl,AllPub,Inside,Gtl,Somerst
455,90,RL,63,9297,Pave,NA,Reg,Lvl,AllPub,Inside,Gtl,Mitchel
456,20,RL,80,9600,Pave,NA,Reg,Lvl,AllPub,Inside,Gtl,NWAmes
457,70,RM,34,4571,Pave,Grvl,Reg,Lvl,AllPub,Inside,Gtl,OldTown
458,20,RL,0,53227,Pave,NA,IR1,Low,AllPub,CulDSac,Mod,ClearCr
459,70,RM,0,5100,Pave,Grvl,Reg,Lvl,AllPub,Inside,Gtl,OldTown
460,50,RL,0,7015,Pave,NA,IR1,Bnk,AllPub,Corner,Gtl,BrkSide
461,60,FV,75,8004,Pave,NA,IR1,Lvl,AllPub,Inside,Gtl,Somerst
462,70,RL,60,7200,Pave,NA,Reg,Lvl,AllPub,Inside,Gtl,SWISU
463,20,RL,60,8281,Pave,NA,IR1,Lvl,AllPub,Inside,Gtl,Sawyer
464,70,RL,74,11988,Pave,NA,IR1,HLS,AllPub,Inside,Mod,Crawfor
465,20,RL,60,8430,Pave,NA,Reg,HLS,AllPub,Inside,Mod,CollgCr
466,120,RM,0,3072,Pave,NA,Reg,Lvl,AllPub,Inside,Gtl,Blmngtn
467,20,RL,85,10628,Pave,NA,Reg,Lvl,AllPub,Inside,Gtl,NAmes
468,70,RL,79,9480,Pave,NA,Reg,Lvl,AllPub,Inside,Gtl,NAmes
469,20,RL,98,11428,Pave,NA,IR1,Lvl,AllPub,Inside,Gtl,NridgHt
470,60,RL,76,9291,Pave,NA,IR1,Lvl,AllPub,Corner,Gtl,SawyerW
471,120,RL,0,6820,Pave,NA,IR1,Lvl,AllPub,Corner,Gtl,StoneBr
472,60,RL,92,11952,Pave,NA,Reg,Lvl,AllPub,Inside,Gtl,NWAmes
473,180,RM,35,3675,Pave,NA,Reg,Lvl,AllPub,Inside,Gtl,Edwards
474,20,RL,110,14977,Pave,NA,IR1,Lvl,AllPub,Inside,Gtl,NridgHt
475,120,RL,41,5330,Pave,NA,Reg,Lvl,AllPub,Inside,Gtl,StoneBr
476,20,RL,80,8480,Pave,NA,Reg,Lvl,AllPub,Corner,Gtl,Sawyer
477,20,RL,75,13125,Pave,NA,Reg,Lvl,AllPub,Inside,Mod,CollgCr
478,60,RL,105,13693,Pave,NA,Reg,Lvl,AllPub,Inside,Gtl,NridgHt
479,20,RL,79,10637,Pave,NA,Reg,Lvl,AllPub,Inside,Gtl,CollgCr
480,30,RM,50,5925,Pave,NA,Reg,Bnk,AllPub,Inside,Gtl,OldTown
481,20,RL,98,16033,Pave,NA,IR1,Lvl,AllPub,FR2,Gtl,NridgHt
482,20,RL,72,11846,Pave,NA,IR1,HLS,AllPub,Inside,Gtl,NridgHt
483,70,RM,50,2500,Pave,Pave,Reg,Lvl,AllPub,Corner,Gtl,OldTown
484,120,RM,32,4500,Pave,NA,Reg,Lvl,AllPub,FR2,Gtl,Mitchel
485,20,RL,0,7758,Pave,NA,IR1,Lvl,AllPub,Corner,Gtl,Sawyer
486,20,RL,80,9600,Pave,NA,Reg,Lvl,AllPub,Inside,Gtl,NAmes
487,20,RL,79,10289,Pave,NA,Reg,Lvl,AllPub,Inside,Gtl,NAmes
488,20,RL,70,12243,Pave,NA,IR1,Lvl,AllPub,Inside,Gtl,NWAmes
489,190,RL,60,10800,Pave,NA,Reg,Lvl,AllPub,Corner,Gtl,OldTown
490,180,RM,21,1526,Pave,NA,Reg,Lvl,AllPub,Inside,Gtl,MeadowV
491,160,RM,0,2665,Pave,NA,Reg,Lvl,AllPub,Inside,Gtl,MeadowV
492,50,RL,79,9490,Pave,NA,Reg,Lvl,AllPub,Inside,Gtl,NAmes
493,60,RL,105,15578,Pave,NA,IR1,Lvl,AllPub,Corner,Gtl,Gilbert
494,20,RL,70,7931,Pave,NA,Reg,Lvl,AllPub,Inside,Gtl,NAmes
495,30,RM,50,5784,Pave,NA,Reg,Lvl,AllPub,Inside,Gtl,OldTown
496,30,C (all),60,7879,Pave,NA,Reg,Lvl,AllPub,Inside,Gtl,IDOTRR
497,20,RL,0,12692,Pave,NA,IR1,Lvl,AllPub,Inside,Gtl,NoRidge
498,50,RL,60,9120,Pave,Pave,Reg,Lvl,AllPub,Inside,Gtl,BrkSide
499,20,RL,65,7800,Pave,NA,Reg,Lvl,AllPub,Inside,Gtl,Sawyer
500,20,RL,70,7535,Pave,NA,IR1,Lvl,AllPub,Inside,Gtl,NAmes
501,160,RM,21,1890,Pave,NA,Reg,Lvl,AllPub,Inside,Gtl,BrDale
502,60,FV,75,9803,Pave,NA,Reg,Lvl,AllPub,Inside,Gtl,Somerst
503,20,RL,70,9170,Pave,NA,Reg,Lvl,AllPub,Corner,Gtl,Edwards
504,20,RL,100,15602,Pave,NA,IR1,Lvl,AllPub,Inside,Gtl,Crawfor
505,160,RL,24,2308,Pave,NA,Reg,Lvl,AllPub,Inside,Gtl,NPkVill
506,90,RM,60,7596,Pave,Grvl,Reg,Lvl,AllPub,Inside,Gtl,OldTown
507,60,RL,80,9554,Pave,NA,IR1,Lvl,AllPub,Inside,Gtl,SawyerW
508,20,FV,75,7862,Pave,NA,IR1,Lvl,AllPub,Inside,Gtl,Somerst
509,70,RM,60,9600,Pave,NA,Reg,Lvl,AllPub,Inside,Gtl,OldTown
510,20,RL,80,9600,Pave,NA,Reg,Lvl,AllPub,Corner,Gtl,NAmes
511,20,RL,75,14559,Pave,NA,Reg,Lvl,AllPub,Inside,Gtl,NAmes
512,120,RL,40,6792,Pave,NA,IR1,Lvl,AllPub,Inside,Gtl,NridgHt
513,20,RL,70,9100,Pave,NA,Reg,Lvl,AllPub,Corner,Gtl,NAmes
514,20,RL,71,9187,Pave,NA,Reg,Bnk,AllPub,Corner,Gtl,Mitchel
515,45,RL,55,10594,Pave,NA,Reg,Lvl,AllPub,Inside,Gtl,Crawfor
516,20,RL,94,12220,Pave,NA,Reg,Lvl,AllPub,Inside,Gtl,NridgHt
517,80,RL,0,10448,Pave,NA,IR1,Lvl,AllPub,Corner,Gtl,NWAmes
518,60,RL,79,10208,Pave,NA,IR1,Lvl,AllPub,Inside,Gtl,NoRidge
519,60,RL,0,9531,Pave,NA,IR1,Lvl,AllPub,CulDSac,Gtl,CollgCr
520,70,RL,53,10918,Pave,NA,Reg,Lvl,AllPub,Inside,Gtl,Crawfor
521,190,RL,60,10800,Pave,Grvl,Reg,Lvl,AllPub,Inside,Gtl,OldTown
522,20,RL,90,11988,Pave,NA,IR1,Lvl,AllPub,Corner,Gtl,NAmes
523,50,RM,50,5000,Pave,NA,Reg,Lvl,AllPub,Corner,Gtl,BrkSide
524,60,RL,130,40094,Pave,NA,IR1,Bnk,AllPub,Inside,Gtl,Edwards
525,60,RL,95,11787,Pave,NA,IR1,Lvl,AllPub,Inside,Gtl,NoRidge
526,20,FV,62,7500,Pave,Pave,Reg,Lvl,AllPub,Inside,Gtl,Somerst
527,20,RL,70,13300,Pave,NA,Reg,Lvl,AllPub,Inside,Gtl,NAmes
528,60,RL,67,14948,Pave,NA,IR1,Lvl,AllPub,Inside,Gtl,NridgHt
529,30,RL,58,9098,Pave,NA,IR1,Lvl,AllPub,Inside,Gtl,Edwards
530,20,RL,0,32668,Pave,NA,IR1,Lvl,AllPub,CulDSac,Gtl,Crawfor
531,80,RL,85,10200,Pave,NA,Reg,Lvl,AllPub,Inside,Gtl,Timber
532,70,RM,60,6155,Pave,NA,IR1,Lvl,AllPub,FR3,Gtl,BrkSide
533,20,RL,60,7200,Pave,NA,Reg,Lvl,AllPub,Inside,Gtl,NAmes
534,20,RL,50,5000,Pave,NA,Reg,Low,AllPub,Inside,Mod,BrkSide
535,60,RL,74,9056,Pave,NA,IR1,Lvl,AllPub,Inside,Gtl,Gilbert
536,190,RL,70,7000,Pave,NA,Reg,Lvl,AllPub,Inside,Gtl,Edwards
537,60,RL,57,8924,Pave,NA,IR1,Lvl,AllPub,CulDSac,Gtl,CollgCr
538,20,RL,0,12735,Pave,NA,IR1,Lvl,AllPub,FR2,Gtl,NAmes
539,20,RL,0,11553,Pave,NA,IR1,Lvl,AllPub,Inside,Gtl,Sawyer
540,20,RL,0,11423,Pave,NA,Reg,Lvl,AllPub,Inside,Gtl,CollgCr
541,20,RL,85,14601,Pave,NA,Reg,Lvl,AllPub,Inside,Gtl,Timber
542,60,RL,0,11000,Pave,NA,Reg,Lvl,AllPub,FR2,Gtl,NoRidge
543,20,RL,78,10140,Pave,NA,Reg,Lvl,AllPub,Inside,Gtl,NWAmes
544,120,RH,34,4058,Pave,NA,Reg,Lvl,AllPub,Inside,Gtl,NAmes
545,60,RL,58,17104,Pave,NA,IR1,Lvl,AllPub,Inside,Gtl,Gilbert
546,50,RL,0,13837,Pave,NA,IR1,Lvl,AllPub,Corner,Gtl,NWAmes
547,50,RL,70,8737,Pave,NA,IR1,Bnk,AllPub,Inside,Gtl,BrkSide
548,85,RL,54,7244,Pave,NA,Reg,Lvl,AllPub,Inside,Gtl,Mitchel
549,20,RM,49,8235,Pave,NA,IR1,HLS,AllPub,Inside,Gtl,OldTown
550,60,FV,75,9375,Pave,NA,Reg,Lvl,AllPub,Inside,Gtl,Somerst
551,120,RL,53,4043,Pave,NA,Reg,Lvl,AllPub,Inside,Gtl,NPkVill
552,20,RM,50,6000,Pave,NA,Reg,Lvl,AllPub,Inside,Gtl,OldTown
553,20,RL,87,11146,Pave,NA,IR1,Lvl,AllPub,Inside,Gtl,NridgHt
554,20,RL,67,8777,Pave,NA,Reg,Lvl,AllPub,Inside,Gtl,Edwards
555,60,RL,85,10625,Pave,NA,Reg,Lvl,AllPub,Inside,Gtl,NridgHt
556,45,RM,58,6380,Pave,NA,Reg,Lvl,AllPub,Inside,Gtl,BrkSide
557,20,RL,69,14850,Pave,NA,IR1,Lvl,AllPub,Inside,Gtl,NAmes
558,50,C (all),60,11040,Pave,NA,Reg,Low,AllPub,Inside,Mod,IDOTRR
559,60,RL,57,21872,Pave,NA,IR2,HLS,AllPub,FR2,Gtl,Gilbert
560,120,RL,0,3196,Pave,NA,Reg,Lvl,AllPub,Inside,Gtl,Blmngtn
561,20,RL,0,11341,Pave,NA,IR1,Lvl,AllPub,Inside,Gtl,Sawyer
562,20,RL,77,10010,Pave,NA,Reg,Lvl,AllPub,Inside,Mod,Mitchel
563,30,RL,63,13907,Pave,NA,Reg,Lvl,AllPub,Inside,Gtl,Edwards
564,50,RL,66,21780,Pave,NA,Reg,Lvl,AllPub,Inside,Gtl,Edwards
565,60,RL,0,13346,Pave,NA,IR1,Lvl,AllPub,CulDSac,Gtl,NoRidge
566,70,RL,66,6858,Pave,NA,Reg,Bnk,AllPub,Corner,Gtl,SWISU
567,60,RL,77,11198,Pave,NA,IR1,Lvl,AllPub,Inside,Gtl,StoneBr
568,20,RL,70,10171,Pave,NA,IR1,Lvl,AllPub,Inside,Gtl,NridgHt
569,50,RL,79,12327,Pave,NA,IR1,Low,AllPub,Inside,Mod,SawyerW
570,90,RL,0,7032,Pave,NA,IR1,Lvl,AllPub,Corner,Gtl,NAmes
571,90,RL,74,13101,Pave,NA,IR1,Lvl,AllPub,Inside,Gtl,NAmes
572,20,RL,60,7332,Pave,NA,Reg,Lvl,AllPub,Inside,Gtl,NAmes
573,60,RL,83,13159,Pave,NA,IR1,HLS,AllPub,Corner,Gtl,Timber
574,80,RL,76,9967,Pave,NA,IR1,Lvl,AllPub,Inside,Gtl,Gilbert
575,80,RL,70,10500,Pave,NA,Reg,Lvl,AllPub,FR2,Gtl,NAmes
576,50,RL,80,8480,Pave,NA,Reg,Lvl,AllPub,Inside,Gtl,NAmes
577,50,RL,52,6292,Pave,NA,Reg,Lvl,AllPub,Inside,Gtl,SWISU
578,80,RL,96,11777,Pave,NA,IR1,Lvl,AllPub,Inside,Gtl,Sawyer
579,160,FV,34,3604,Pave,Pave,Reg,Lvl,AllPub,Corner,Gtl,Somerst
580,50,RM,81,12150,Pave,Grvl,Reg,Lvl,AllPub,Inside,Gtl,OldTown
581,20,RL,0,14585,Pave,NA,IR1,Lvl,AllPub,CulDSac,Gtl,NAmes
582,20,RL,98,12704,Pave,NA,Reg,Lvl,AllPub,Inside,Gtl,NridgHt
583,90,RL,81,11841,Grvl,NA,Reg,Lvl,AllPub,Inside,Gtl,Edwards
584,75,RM,75,13500,Pave,NA,Reg,Lvl,AllPub,Inside,Gtl,OldTown
585,50,RM,51,6120,Pave,NA,Reg,Lvl,AllPub,Inside,Gtl,BrkSide
586,20,RL,88,11443,Pave,NA,Reg,Lvl,AllPub,Inside,Gtl,Timber
587,30,RL,55,10267,Pave,NA,Reg,Lvl,AllPub,Inside,Gtl,BrkSide
588,85,RL,74,8740,Pave,NA,IR1,Lvl,AllPub,Inside,Gtl,Sawyer
589,20,RL,65,25095,Pave,NA,IR1,Low,AllPub,Inside,Sev,ClearCr
590,40,RM,50,9100,Pave,NA,Reg,Lvl,AllPub,Inside,Gtl,BrkSide
591,60,RL,64,8320,Pave,NA,Reg,Lvl,AllPub,Inside,Gtl,CollgCr
592,60,RL,97,13478,Pave,NA,IR1,Lvl,AllPub,Corner,Gtl,NridgHt
593,20,RL,60,6600,Pave,NA,Reg,Lvl,AllPub,Inside,Gtl,Mitchel
594,120,RM,0,4435,Pave,NA,Reg,Lvl,AllPub,Inside,Gtl,CollgCr
595,20,RL,88,7990,Pave,NA,IR1,Lvl,AllPub,Inside,Gtl,CollgCr
596,20,RL,69,11302,Pave,NA,IR1,Lvl,AllPub,Inside,Gtl,StoneBr
597,70,RM,60,3600,Pave,Grvl,Reg,Lvl,AllPub,Inside,Gtl,OldTown
598,120,RL,53,3922,Pave,NA,Reg,Lvl,AllPub,Inside,Gtl,Blmngtn
599,20,RL,80,12984,Pave,NA,Reg,Bnk,AllPub,Inside,Gtl,Crawfor
600,160,RM,24,1950,Pave,NA,Reg,Lvl,AllPub,Inside,Gtl,Blueste
601,60,RL,74,10927,Pave,NA,Reg,Lvl,AllPub,Inside,Gtl,NridgHt
602,50,RM,50,9000,Pave,NA,Reg,Bnk,AllPub,Inside,Gtl,IDOTRR
603,60,RL,80,10041,Pave,NA,IR1,Lvl,AllPub,Inside,Gtl,SawyerW
604,160,FV,30,3182,Pave,Pave,Reg,Lvl,AllPub,Inside,Gtl,Somerst
605,20,RL,88,12803,Pave,NA,IR1,Lvl,AllPub,Inside,Gtl,CollgCr
606,60,RL,85,13600,Pave,NA,Reg,Lvl,AllPub,Inside,Gtl,NAmes
607,20,RL,82,12464,Pave,NA,IR2,Low,AllPub,Corner,Mod,CollgCr
608,20,RL,78,7800,Pave,NA,Reg,Bnk,AllPub,Inside,Mod,Edwards
609,70,RL,78,12168,Pave,NA,Reg,HLS,AllPub,Inside,Mod,Crawfor
610,20,RL,61,7943,Pave,NA,Reg,Lvl,AllPub,Inside,Gtl,Sawyer
611,60,RL,0,11050,Pave,NA,Reg,Lvl,AllPub,Inside,Gtl,CollgCr
612,80,RL,0,10395,Pave,NA,IR1,Lvl,AllPub,FR2,Gtl,NWAmes
613,60,RL,0,11885,Pave,NA,Reg,Lvl,AllPub,Inside,Gtl,CollgCr
614,20,RL,70,8402,Pave,NA,Reg,Lvl,AllPub,Inside,Gtl,Mitchel
615,180,RM,21,1491,Pave,NA,Reg,Lvl,AllPub,Inside,Gtl,MeadowV
616,85,RL,80,8800,Pave,NA,Reg,Lvl,AllPub,Inside,Gtl,NAmes
617,60,RL,0,7861,Pave,NA,IR1,Lvl,AllPub,Inside,Gtl,Gilbert
618,45,RL,59,7227,Pave,NA,Reg,HLS,AllPub,Corner,Mod,NAmes
619,20,RL,90,11694,Pave,NA,Reg,Lvl,AllPub,Inside,Gtl,NridgHt
620,60,RL,85,12244,Pave,NA,Reg,Lvl,AllPub,Inside,Gtl,Timber
621,30,RL,45,8248,Pave,Grvl,Reg,Lvl,AllPub,Inside,Gtl,Edwards
622,60,RL,90,10800,Pave,NA,Reg,Lvl,AllPub,Inside,Gtl,NWAmes
623,20,RL,71,7064,Pave,NA,Reg,Lvl,AllPub,Inside,Gtl,Sawyer
624,160,FV,0,2117,Pave,NA,Reg,Lvl,AllPub,Inside,Gtl,Somerst
625,60,RL,80,10400,Pave,NA,Reg,Lvl,AllPub,Inside,Gtl,NWAmes
626,20,RL,87,10000,Pave,NA,IR1,Lvl,AllPub,Corner,Gtl,NAmes
627,20,RL,0,12342,Pave,NA,IR1,Lvl,AllPub,Inside,Gtl,NAmes
628,80,RL,80,9600,Pave,NA,Reg,Lvl,AllPub,Inside,Gtl,NAmes
629,60,RL,70,11606,Pave,NA,IR1,HLS,AllPub,Inside,Sev,NAmes
630,80,RL,82,9020,Pave,NA,Reg,Lvl,AllPub,Corner,Gtl,NAmes
631,70,RM,50,9000,Pave,Grvl,Reg,Lvl,AllPub,Corner,Gtl,OldTown
632,120,RL,34,4590,Pave,NA,Reg,Lvl,AllPub,Inside,Gtl,NridgHt
633,20,RL,85,11900,Pave,NA,Reg,Lvl,AllPub,Inside,Gtl,NWAmes
634,20,RL,80,9250,Pave,NA,Reg,Lvl,AllPub,Corner,Gtl,NAmes
635,90,RL,64,6979,Pave,NA,Reg,Lvl,AllPub,Inside,Gtl,OldTown
636,190,RH,60,10896,Pave,Pave,Reg,Bnk,AllPub,Inside,Gtl,SWISU
637,30,RM,51,6120,Pave,NA,Reg,Lvl,AllPub,Inside,Gtl,BrkSide
638,190,RM,50,6000,Pave,NA,Reg,Lvl,AllPub,Inside,Gtl,OldTown
639,30,RL,67,8777,Pave,NA,Reg,Lvl,AllPub,Inside,Gtl,Edwards
640,120,RL,53,3982,Pave,NA,Reg,Lvl,AllPub,Inside,Gtl,Blmngtn
641,120,RL,62,12677,Pave,NA,IR1,Lvl,AllPub,Inside,Gtl,NridgHt
642,60,FV,0,7050,Pave,NA,Reg,Lvl,AllPub,Inside,Gtl,Somerst
643,80,RL,75,13860,Pave,NA,Reg,Lvl,AllPub,Inside,Gtl,NAmes
644,60,RL,80,10793,Pave,NA,Reg,Lvl,AllPub,Inside,Gtl,NWAmes
645,20,FV,85,9187,Pave,NA,Reg,Lvl,AllPub,Inside,Gtl,Somerst
646,20,RL,0,10530,Pave,NA,IR1,Lvl,AllPub,Corner,Gtl,NAmes
647,20,RL,60,7200,Pave,NA,Reg,Lvl,AllPub,Inside,Gtl,NAmes
648,20,RL,85,10452,Pave,NA,IR1,Lvl,AllPub,Inside,Gtl,Edwards
649,60,RL,70,7700,Pave,NA,Reg,Lvl,AllPub,Inside,Gtl,NAmes
650,180,RM,21,1936,Pave,NA,Reg,Lvl,AllPub,Inside,Gtl,MeadowV
651,60,FV,65,8125,Pave,NA,Reg,Lvl,AllPub,Inside,Gtl,Somerst
652,70,RL,60,9084,Pave,NA,Reg,Lvl,AllPub,Inside,Gtl,Edwards
653,60,RL,70,8750,Pave,NA,Reg,Lvl,AllPub,Inside,Gtl,CollgCr
654,50,RM,60,10320,Pave,Grvl,Reg,Lvl,AllPub,Inside,Gtl,IDOTRR
655,20,RL,91,10437,Pave,NA,IR1,Lvl,AllPub,Inside,Gtl,NoRidge
656,160,RM,21,1680,Pave,NA,Reg,Lvl,AllPub,Inside,Gtl,BrDale
657,20,RL,72,10007,Pave,NA,IR1,Lvl,AllPub,Inside,Gtl,NAmes
658,70,RL,60,7200,Pave,NA,Reg,HLS,AllPub,Inside,Mod,Crawfor
659,50,RL,78,17503,Pave,NA,Reg,Lvl,AllPub,Inside,Gtl,NAmes
660,20,RL,75,9937,Pave,NA,Reg,Lvl,AllPub,Corner,Gtl,Edwards
661,60,RL,0,12384,Pave,NA,Reg,Lvl,AllPub,CulDSac,Gtl,NWAmes
662,60,RL,52,46589,Pave,NA,IR2,Lvl,AllPub,CulDSac,Gtl,NoRidge
663,20,RL,120,13560,Pave,NA,Reg,Lvl,AllPub,Corner,Gtl,NAmes
664,85,RL,90,10012,Pave,NA,Reg,Lvl,AllPub,Inside,Gtl,Edwards
665,20,RL,49,20896,Pave,NA,IR2,Lvl,AllPub,CulDSac,Gtl,Somerst
666,60,RL,106,11194,Pave,NA,IR1,Lvl,AllPub,Corner,Gtl,Gilbert
667,60,RL,0,18450,Pave,NA,IR1,Lvl,AllPub,Inside,Gtl,NAmes
668,20,RL,65,8125,Pave,NA,Reg,Lvl,AllPub,Inside,Gtl,SawyerW
669,20,RL,0,14175,Pave,NA,Reg,Bnk,AllPub,Corner,Mod,Sawyer
670,30,RL,80,11600,Pave,NA,Reg,Lvl,AllPub,Inside,Gtl,Crawfor
671,60,RL,64,8633,Pave,NA,Reg,Lvl,AllPub,FR2,Gtl,CollgCr
672,70,RH,54,6629,Pave,NA,Reg,Lvl,AllPub,Inside,Gtl,Edwards
673,20,RL,0,11250,Pave,NA,IR1,Lvl,AllPub,Inside,Gtl,Veenker
674,20,RL,110,14442,Pave,NA,Reg,Lvl,AllPub,Inside,Gtl,Crawfor
675,20,RL,80,9200,Pave,NA,Reg,Lvl,AllPub,Inside,Gtl,NAmes
676,160,RL,24,2289,Pave,NA,Reg,Lvl,AllPub,Inside,Gtl,NPkVill
677,70,RM,60,9600,Pave,Grvl,Reg,Lvl,AllPub,Inside,Gtl,OldTown
678,30,RL,52,9022,Pave,NA,Reg,Lvl,AllPub,Inside,Gtl,OldTown
679,20,RL,80,11844,Pave,NA,IR1,Lvl,AllPub,Inside,Gtl,StoneBr
680,20,RL,0,9945,Pave,NA,IR1,Lvl,AllPub,Inside,Gtl,Sawyer
681,120,RL,50,8012,Pave,NA,Reg,Lvl,AllPub,Inside,Gtl,SawyerW
682,50,RH,55,4500,Pave,Pave,IR2,Bnk,AllPub,Inside,Gtl,SWISU
683,120,RL,0,2887,Pave,NA,Reg,HLS,AllPub,Inside,Gtl,ClearCr
684,20,RL,90,11248,Pave,NA,IR1,Lvl,AllPub,Corner,Gtl,CollgCr
685,60,RL,58,16770,Pave,NA,IR2,Lvl,AllPub,CulDSac,Gtl,NoRidge
686,160,RL,0,5062,Pave,NA,IR1,Lvl,AllPub,CulDSac,Gtl,StoneBr
687,60,FV,84,10207,Pave,NA,Reg,Lvl,AllPub,Inside,Gtl,Somerst
688,160,FV,0,5105,Pave,NA,IR2,Lvl,AllPub,FR2,Gtl,Somerst
689,20,RL,60,8089,Pave,NA,Reg,HLS,AllPub,Inside,Gtl,StoneBr
690,120,RL,61,7577,Pave,NA,IR1,Lvl,AllPub,Corner,Gtl,NridgHt
691,120,RM,0,4426,Pave,NA,Reg,Lvl,AllPub,Inside,Gtl,CollgCr
692,60,RL,104,21535,Pave,NA,IR1,Lvl,AllPub,Corner,Gtl,NoRidge
693,60,RL,42,26178,Pave,NA,IR1,Lvl,AllPub,Inside,Mod,Timber
694,30,RL,60,5400,Pave,NA,Reg,Lvl,AllPub,Corner,Sev,OldTown
695,50,RM,51,6120,Pave,NA,Reg,Lvl,AllPub,Corner,Gtl,BrkSide
696,20,RL,54,13811,Pave,NA,IR1,Lvl,AllPub,Inside,Gtl,Timber
697,30,RM,50,6000,Pave,NA,Reg,Lvl,AllPub,Inside,Gtl,BrkSide
698,20,RL,57,6420,Pave,NA,IR1,Lvl,AllPub,Inside,Gtl,Edwards
699,20,RL,65,8450,Pave,NA,Reg,Lvl,AllPub,Inside,Gtl,Sawyer
700,120,FV,59,4282,Pave,Pave,IR2,Lvl,AllPub,Inside,Gtl,Somerst
701,20,RL,85,14331,Pave,NA,Reg,Lvl,AllPub,Inside,Gtl,Timber
702,20,RL,80,9600,Pave,NA,Reg,Lvl,AllPub,Inside,Gtl,NWAmes
703,60,RL,82,12438,Pave,NA,IR1,Lvl,AllPub,Inside,Gtl,StoneBr
704,190,RM,76,7630,Pave,NA,Reg,Lvl,AllPub,Inside,Gtl,OldTown
705,20,RL,70,8400,Pave,NA,Reg,Lvl,AllPub,Inside,Gtl,CollgCr
706,190,RM,70,5600,Pave,NA,Reg,Lvl,AllPub,Inside,Gtl,IDOTRR
707,20,RL,0,115149,Pave,NA,IR2,Low,AllPub,CulDSac,Sev,ClearCr
708,120,RL,48,6240,Pave,NA,Reg,Lvl,AllPub,Inside,Gtl,NridgHt
709,60,RL,65,9018,Pave,NA,IR1,Lvl,AllPub,Inside,Gtl,Gilbert
710,20,RL,0,7162,Pave,NA,IR1,Lvl,AllPub,Inside,Gtl,Sawyer
711,30,RL,56,4130,Pave,NA,IR1,Lvl,AllPub,Inside,Gtl,BrkSide
712,50,C (all),66,8712,Pave,Pave,Reg,HLS,AllPub,Inside,Mod,IDOTRR
713,120,RL,40,4671,Pave,NA,IR1,HLS,AllPub,Inside,Gtl,StoneBr
714,190,RL,60,9873,Pave,NA,Reg,Lvl,AllPub,Inside,Gtl,BrkSide
715,60,RL,0,13517,Pave,NA,IR1,Lvl,AllPub,CulDSac,Gtl,Sawyer
716,20,RL,78,10140,Pave,NA,Reg,Lvl,AllPub,Inside,Gtl,NWAmes
717,70,RM,60,10800,Pave,Grvl,Reg,Bnk,AllPub,Inside,Gtl,OldTown
718,20,RL,80,10000,Pave,NA,Reg,Lvl,AllPub,Inside,Gtl,NWAmes
719,60,RL,96,10542,Pave,NA,Reg,Lvl,AllPub,Inside,Gtl,NoRidge
720,20,RL,69,9920,Pave,NA,IR1,Lvl,AllPub,Inside,Gtl,CollgCr
721,120,RL,0,6563,Pave,NA,IR1,Low,AllPub,CulDSac,Mod,StoneBr
722,120,RM,0,4426,Pave,NA,Reg,Lvl,AllPub,Inside,Gtl,CollgCr
723,20,RL,70,8120,Pave,NA,Reg,Lvl,AllPub,Inside,Gtl,NAmes
724,50,RL,60,8172,Pave,NA,Reg,Lvl,AllPub,Inside,Gtl,Edwards
725,20,RL,86,13286,Pave,NA,IR1,Lvl,AllPub,Inside,Gtl,Edwards
726,20,RL,60,6960,Pave,NA,Reg,Lvl,AllPub,Inside,Gtl,NAmes
727,20,RL,0,21695,Pave,NA,IR1,Lvl,AllPub,Corner,Gtl,Crawfor
728,20,RL,64,7314,Pave,NA,Reg,Lvl,AllPub,Inside,Gtl,CollgCr
729,90,RL,85,11475,Pave,NA,Reg,Lvl,AllPub,Corner,Gtl,NAmes
730,30,RM,52,6240,Pave,Grvl,Reg,Lvl,AllPub,Inside,Gtl,IDOTRR
731,120,RL,39,5389,Pave,NA,IR1,Lvl,AllPub,Inside,Gtl,StoneBr
732,80,RL,73,9590,Pave,NA,IR1,Lvl,AllPub,Corner,Gtl,Timber
733,60,RL,75,11404,Pave,NA,IR1,Lvl,AllPub,Inside,Gtl,CollgCr
734,20,RL,80,10000,Pave,NA,Reg,Lvl,AllPub,Corner,Gtl,Sawyer
735,20,RL,0,8978,Pave,NA,IR1,Lvl,AllPub,Corner,Gtl,Sawyer
736,75,RM,60,10800,Pave,NA,Reg,Lvl,AllPub,Inside,Gtl,OldTown
737,90,RL,60,8544,Pave,NA,Reg,Lvl,AllPub,Inside,Gtl,NAmes
738,60,RL,72,10463,Pave,NA,IR1,HLS,AllPub,CulDSac,Gtl,Gilbert
739,90,RL,60,10800,Pave,NA,Reg,Lvl,AllPub,Inside,Gtl,Edwards
740,60,RL,65,9313,Pave,NA,IR1,Lvl,AllPub,Inside,Gtl,CollgCr
741,70,RM,60,9600,Pave,Grvl,Reg,Lvl,AllPub,Inside,Gtl,OldTown
742,20,RL,65,6768,Pave,NA,IR1,Lvl,AllPub,Inside,Gtl,Sawyer
743,20,RL,65,8450,Pave,NA,Reg,Lvl,AllPub,Inside,Gtl,SawyerW
744,80,RL,70,12886,Pave,NA,IR1,Lvl,AllPub,Inside,Gtl,Sawyer
745,120,RL,41,5395,Pave,NA,IR1,HLS,AllPub,Inside,Gtl,StoneBr
746,60,RL,0,8963,Pave,NA,IR1,Lvl,AllPub,Inside,Gtl,NWAmes
747,60,RL,0,8795,Pave,NA,IR1,Lvl,AllPub,Inside,Gtl,Gilbert
748,70,RM,65,11700,Pave,Pave,IR1,Lvl,AllPub,Corner,Gtl,OldTown
749,20,RL,59,10593,Pave,NA,IR1,Lvl,AllPub,Inside,Gtl,NoRidge
750,50,RL,50,8405,Pave,NA,Reg,Lvl,AllPub,Inside,Gtl,Edwards
751,50,RM,55,8800,Pave,Grvl,Reg,Lvl,AllPub,Corner,Gtl,OldTown
752,60,RL,0,7750,Pave,NA,Reg,Lvl,AllPub,Inside,Gtl,Gilbert
753,20,RL,79,9236,Pave,NA,IR1,Lvl,AllPub,Inside,Gtl,CollgCr
754,60,RL,80,10240,Pave,NA,Reg,Lvl,AllPub,Inside,Gtl,NridgHt
755,20,RL,61,7930,Pave,NA,Reg,Lvl,AllPub,Inside,Gtl,NAmes
756,160,FV,34,3230,Pave,Pave,Reg,Lvl,AllPub,Inside,Gtl,Somerst
757,60,RL,68,10769,Pave,NA,IR1,Lvl,AllPub,Inside,Gtl,CollgCr
758,60,RL,0,11616,Pave,NA,IR1,Lvl,AllPub,CulDSac,Gtl,Sawyer
759,160,FV,24,2280,Pave,Pave,Reg,Lvl,AllPub,Inside,Gtl,Somerst
760,60,RL,65,12257,Pave,NA,IR1,Lvl,AllPub,Inside,Gtl,NoRidge
761,20,RL,70,9100,Pave,NA,Reg,Lvl,AllPub,Inside,Gtl,NAmes
762,30,RM,60,6911,Pave,NA,Reg,Lvl,AllPub,FR2,Gtl,BrkSide
763,60,FV,72,8640,Pave,NA,Reg,Lvl,AllPub,Inside,Gtl,Somerst
764,60,RL,82,9430,Pave,NA,Reg,Lvl,AllPub,Inside,Gtl,NoRidge
765,120,RL,30,9549,Pave,NA,IR1,Lvl,AllPub,CulDSac,Gtl,Veenker
766,20,RL,75,14587,Pave,NA,IR1,Lvl,AllPub,Inside,Gtl,Somerst
767,60,RL,80,10421,Pave,NA,Reg,Lvl,AllPub,Inside,Gtl,NWAmes
768,50,RL,75,12508,Pave,NA,IR1,Lvl,AllPub,Inside,Gtl,Mitchel
769,20,RL,70,9100,Pave,NA,Reg,Lvl,AllPub,Inside,Gtl,CollgCr
770,60,RL,47,53504,Pave,NA,IR2,HLS,AllPub,CulDSac,Mod,StoneBr
771,85,RL,0,7252,Pave,NA,IR1,Lvl,AllPub,CulDSac,Gtl,Sawyer
772,20,RL,67,8877,Pave,NA,Reg,Lvl,AllPub,Inside,Gtl,Edwards
773,80,RL,94,7819,Pave,NA,Reg,Lvl,AllPub,Inside,Gtl,Edwards
774,20,RL,70,10150,Pave,NA,Reg,Lvl,AllPub,Inside,Gtl,NAmes
775,20,RL,110,14226,Pave,NA,Reg,Lvl,AllPub,Corner,Gtl,NridgHt
776,120,RM,32,4500,Pave,NA,Reg,Lvl,AllPub,FR2,Gtl,Mitchel
777,20,RL,86,11210,Pave,NA,IR1,Lvl,AllPub,Inside,Gtl,CollgCr
778,20,RL,100,13350,Pave,NA,IR1,Lvl,AllPub,Inside,Gtl,Sawyer
779,90,RH,60,8400,Pave,NA,Reg,Lvl,AllPub,Inside,Gtl,SawyerW
780,90,RL,78,10530,Pave,NA,Reg,Lvl,AllPub,Inside,Gtl,Mitchel
781,20,RL,63,7875,Pave,NA,Reg,Lvl,AllPub,Inside,Gtl,Gilbert
782,60,RL,65,7153,Pave,NA,Reg,Lvl,AllPub,Inside,Gtl,SawyerW
783,20,RL,67,16285,Pave,NA,IR2,Lvl,AllPub,Inside,Gtl,CollgCr
784,85,RL,0,9101,Pave,NA,IR1,Lvl,AllPub,Corner,Gtl,Mitchel
785,75,RM,35,6300,Pave,Grvl,Reg,Lvl,AllPub,Inside,Gtl,OldTown
786,20,RL,0,9790,Pave,NA,Reg,Lvl,AllPub,Inside,Gtl,NWAmes
787,50,RM,60,10800,Pave,NA,Reg,Lvl,AllPub,Inside,Gtl,OldTown
788,60,RL,76,10142,Pave,NA,IR1,Lvl,AllPub,Inside,Gtl,SawyerW
789,20,RM,50,6000,Pave,NA,Reg,Lvl,AllPub,Corner,Gtl,OldTown
790,60,RL,0,12205,Pave,NA,IR1,Low,AllPub,Inside,Gtl,ClearCr
791,120,RL,43,3182,Pave,NA,Reg,Lvl,AllPub,Inside,Gtl,Blmngtn
792,80,RL,0,11333,Pave,NA,IR1,Lvl,AllPub,Corner,Gtl,Mitchel
793,60,RL,92,9920,Pave,NA,IR1,Lvl,AllPub,CulDSac,Gtl,NoRidge
794,20,RL,76,9158,Pave,NA,Reg,Lvl,AllPub,Inside,Gtl,Somerst
795,60,RL,0,10832,Pave,NA,IR1,Lvl,AllPub,Corner,Gtl,Gilbert
796,60,RL,70,8400,Pave,NA,Reg,Lvl,AllPub,Inside,Gtl,SawyerW
797,20,RL,71,8197,Pave,NA,Reg,Lvl,AllPub,Inside,Gtl,Sawyer
798,20,RL,57,7677,Pave,NA,Reg,Lvl,AllPub,Inside,Gtl,NAmes
799,60,RL,104,13518,Pave,NA,Reg,Lvl,AllPub,Inside,Gtl,NridgHt
800,50,RL,60,7200,Pave,NA,Reg,Lvl,AllPub,Corner,Gtl,SWISU
801,60,RL,79,12798,Pave,NA,IR1,HLS,AllPub,Inside,Mod,ClearCr
802,30,RM,40,4800,Pave,NA,Reg,Lvl,AllPub,Inside,Gtl,IDOTRR
803,60,RL,63,8199,Pave,NA,Reg,Lvl,AllPub,Inside,Gtl,CollgCr
804,60,RL,107,13891,Pave,NA,Reg,Lvl,AllPub,Inside,Gtl,NridgHt
805,20,RL,75,9000,Pave,NA,Reg,Lvl,AllPub,Inside,Gtl,NAmes
806,20,RL,91,12274,Pave,NA,IR1,Lvl,AllPub,FR2,Gtl,Somerst
807,80,RL,75,9750,Pave,NA,Reg,Lvl,AllPub,Inside,Gtl,NAmes
808,70,RL,144,21384,Pave,NA,Reg,Lvl,AllPub,Inside,Gtl,BrkSide
809,80,RL,85,13400,Pave,NA,Reg,Lvl,AllPub,Inside,Gtl,NAmes
810,75,RM,90,8100,Pave,NA,Reg,Lvl,AllPub,Corner,Gtl,OldTown
811,20,RL,78,10140,Pave,NA,Reg,Lvl,AllPub,Inside,Gtl,NWAmes
812,120,RM,0,4438,Pave,NA,Reg,Lvl,AllPub,Inside,Gtl,CollgCr
813,20,C (all),66,8712,Grvl,NA,Reg,Bnk,AllPub,Inside,Mod,IDOTRR
814,20,RL,75,9750,Pave,NA,Reg,Lvl,AllPub,Inside,Gtl,NAmes
815,50,RL,45,8248,Pave,Grvl,Reg,Lvl,AllPub,Inside,Gtl,Edwards
816,20,RL,48,12137,Pave,NA,IR2,Lvl,AllPub,CulDSac,Gtl,CollgCr
817,20,RL,0,11425,Pave,NA,IR1,Lvl,AllPub,Corner,Gtl,NAmes
818,20,RL,0,13265,Pave,NA,IR1,Lvl,AllPub,CulDSac,Gtl,Mitchel
819,80,RL,80,8816,Pave,NA,Reg,Lvl,AllPub,Inside,Gtl,ClearCr
820,120,RL,44,6371,Pave,NA,IR1,Lvl,AllPub,Inside,Gtl,NridgHt
821,60,RL,72,7226,Pave,NA,IR1,Lvl,AllPub,CulDSac,Gtl,CollgCr
822,20,RM,60,6000,Pave,Pave,Reg,Bnk,AllPub,Inside,Mod,OldTown
823,60,RL,0,12394,Pave,NA,IR1,Lvl,AllPub,Corner,Gtl,Gilbert
824,50,RL,60,9900,Pave,NA,Reg,Lvl,AllPub,Inside,Gtl,SWISU
825,20,FV,81,11216,Pave,NA,Reg,Lvl,AllPub,Inside,Gtl,Somerst
826,20,RL,114,14803,Pave,NA,Reg,Lvl,AllPub,Inside,Gtl,NridgHt
827,45,RM,50,6130,Pave,NA,Reg,Lvl,AllPub,Inside,Gtl,BrkSide
828,20,RL,65,8529,Pave,NA,IR1,Lvl,AllPub,Inside,Gtl,SawyerW
829,60,RL,0,28698,Pave,NA,IR2,Low,AllPub,CulDSac,Sev,ClearCr
830,160,FV,24,2544,Pave,Pave,Reg,Lvl,AllPub,Inside,Gtl,Somerst
831,20,RL,80,11900,Pave,NA,IR1,Lvl,AllPub,Corner,Gtl,NAmes
832,160,FV,30,3180,Pave,Pave,Reg,Lvl,AllPub,Inside,Gtl,Somerst
833,60,RL,44,9548,Pave,NA,IR1,Lvl,AllPub,CulDSac,Gtl,CollgCr
834,20,RL,100,10004,Pave,NA,Reg,Lvl,AllPub,Inside,Gtl,NAmes
835,20,RL,75,7875,Pave,NA,Reg,Lvl,AllPub,Inside,Gtl,NAmes
836,20,RL,60,9600,Pave,NA,Reg,Lvl,AllPub,Inside,Gtl,Sawyer
837,30,RM,90,8100,Pave,Pave,Reg,Lvl,AllPub,Inside,Gtl,OldTown
838,160,RM,21,1680,Pave,NA,Reg,Lvl,AllPub,Inside,Gtl,BrDale
839,20,RL,75,9525,Pave,NA,Reg,Lvl,AllPub,Inside,Gtl,CollgCr
840,50,RL,70,11767,Pave,NA,Reg,Lvl,AllPub,Inside,Gtl,Edwards
841,70,RH,0,12155,Pave,NA,IR1,Lvl,AllPub,Inside,Gtl,SWISU
842,70,RM,60,10440,Pave,Grvl,Reg,Lvl,AllPub,Inside,Gtl,OldTown
843,80,RL,82,9020,Pave,NA,Reg,Lvl,AllPub,Inside,Gtl,NAmes
844,90,RL,80,8000,Pave,NA,Reg,Lvl,AllPub,Corner,Gtl,NAmes
845,50,RM,100,12665,Pave,Grvl,IR1,Lvl,AllPub,Inside,Gtl,OldTown
846,85,RL,0,16647,Pave,NA,IR1,Lvl,AllPub,CulDSac,Gtl,Sawyer
847,60,RL,75,9317,Pave,NA,Reg,Lvl,AllPub,Inside,Gtl,SawyerW
848,20,RL,36,15523,Pave,NA,IR1,Lvl,AllPub,CulDSac,Gtl,CollgCr
849,50,RL,75,45600,Pave,NA,IR2,Bnk,AllPub,Inside,Gtl,ClearCr
850,80,RL,80,9600,Pave,NA,Reg,Lvl,AllPub,FR2,Gtl,Veenker
851,120,RM,36,4435,Pave,NA,Reg,Lvl,AllPub,Inside,Gtl,CollgCr
852,120,RL,0,3196,Pave,NA,Reg,Lvl,AllPub,Inside,Gtl,Blmngtn
853,75,RL,53,7128,Pave,NA,Reg,Lvl,AllPub,Inside,Gtl,Crawfor
854,80,RL,0,12095,Pave,NA,IR1,Lvl,AllPub,Corner,Gtl,NAmes
855,20,RL,102,17920,Pave,NA,Reg,Lvl,AllPub,Inside,Gtl,Sawyer
856,20,RL,0,6897,Pave,NA,IR1,Lvl,AllPub,Corner,Gtl,Sawyer
857,80,RL,0,10970,Pave,NA,IR1,Low,AllPub,Inside,Mod,CollgCr
858,60,RL,65,8125,Pave,NA,Reg,Lvl,AllPub,Inside,Gtl,Gilbert
859,20,RL,80,10400,Pave,NA,Reg,Lvl,AllPub,Inside,Gtl,NWAmes
860,60,RL,0,11029,Pave,NA,IR1,Lvl,AllPub,Corner,Gtl,NWAmes
861,50,RL,55,7642,Pave,NA,Reg,Lvl,AllPub,Corner,Gtl,Crawfor
862,190,RL,75,11625,Pave,NA,Reg,Lvl,AllPub,Inside,Gtl,Sawyer
863,20,RL,81,9672,Pave,NA,Reg,Lvl,AllPub,Corner,Gtl,SawyerW
864,20,RL,70,7931,Pave,NA,Reg,Lvl,AllPub,Inside,Gtl,NAmes
865,20,FV,72,8640,Pave,NA,Reg,Lvl,AllPub,Inside,Gtl,Somerst
866,20,RL,0,8750,Pave,NA,IR1,Lvl,AllPub,Inside,Gtl,NAmes
867,20,RL,67,10656,Pave,NA,IR1,HLS,AllPub,Inside,Gtl,Timber
868,20,RL,85,6970,Pave,NA,Reg,Lvl,AllPub,Corner,Gtl,Sawyer
869,60,RL,0,14762,Pave,NA,IR2,Lvl,AllPub,Corner,Gtl,Gilbert
870,60,RL,80,9938,Pave,NA,Reg,Lvl,AllPub,Inside,Gtl,SawyerW
871,20,RL,60,6600,Pave,NA,Reg,Lvl,AllPub,Inside,Gtl,NAmes
872,60,RL,70,8750,Pave,NA,Reg,Lvl,AllPub,Inside,Gtl,CollgCr
873,20,RL,74,8892,Pave,NA,Reg,Lvl,AllPub,Corner,Gtl,NAmes
874,40,RL,60,12144,Pave,NA,Reg,Lvl,AllPub,Inside,Gtl,NAmes
875,50,RM,52,5720,Pave,NA,Reg,Lvl,AllPub,Inside,Gtl,OldTown
876,60,FV,75,9000,Pave,NA,Reg,Lvl,AllPub,Inside,Gtl,Somerst
877,20,RL,94,25286,Pave,NA,Reg,HLS,AllPub,Inside,Mod,Mitchel
878,60,RL,74,8834,Pave,NA,Reg,Lvl,AllPub,Inside,Gtl,NridgHt
879,85,RL,88,11782,Pave,NA,IR1,Lvl,AllPub,Inside,Gtl,Sawyer
880,20,RL,0,7000,Pave,NA,IR1,Lvl,AllPub,CulDSac,Gtl,CollgCr
881,20,RL,60,7024,Pave,NA,Reg,Lvl,AllPub,Inside,Gtl,Edwards
882,50,RL,44,13758,Pave,NA,IR1,Lvl,AllPub,CulDSac,Gtl,Timber
883,60,RL,0,9636,Pave,NA,IR1,Lvl,AllPub,Corner,Gtl,Gilbert
884,75,RL,60,6204,Pave,NA,Reg,Bnk,AllPub,Inside,Gtl,SWISU
885,20,RL,65,7150,Pave,NA,Reg,Lvl,AllPub,Inside,Gtl,NAmes
886,120,FV,50,5119,Pave,NA,IR1,Lvl,AllPub,CulDSac,Gtl,Somerst
887,90,RL,70,8393,Pave,NA,Reg,Lvl,AllPub,Corner,Gtl,NAmes
888,50,RL,59,16466,Pave,NA,IR1,Lvl,AllPub,Inside,Gtl,Edwards
889,20,RL,95,15865,Pave,NA,IR1,Lvl,AllPub,Inside,Mod,NAmes
890,20,RL,128,12160,Pave,NA,Reg,Lvl,AllPub,Inside,Gtl,NAmes
891,50,RL,60,8064,Pave,NA,Reg,Lvl,AllPub,Corner,Gtl,NAmes
892,60,RL,70,11184,Pave,NA,Reg,Lvl,AllPub,Inside,Gtl,Sawyer
893,20,RL,70,8414,Pave,NA,Reg,Lvl,AllPub,Inside,Gtl,Sawyer
894,20,RL,0,13284,Pave,NA,Reg,Lvl,AllPub,Inside,Gtl,Sawyer
895,90,RL,64,7018,Pave,NA,Reg,Bnk,AllPub,Inside,Gtl,SawyerW
896,60,RL,71,7056,Pave,NA,Reg,Lvl,AllPub,Inside,Gtl,NAmes
897,30,RM,50,8765,Pave,Grvl,Reg,Lvl,AllPub,Inside,Gtl,IDOTRR
898,90,RL,64,7018,Pave,NA,Reg,Lvl,AllPub,Inside,Gtl,SawyerW
899,20,RL,100,12919,Pave,NA,IR1,Lvl,AllPub,Inside,Gtl,NridgHt
900,20,RL,65,6993,Pave,NA,Reg,Lvl,AllPub,Inside,Gtl,Sawyer
901,20,RL,0,7340,Pave,NA,IR1,Lvl,AllPub,Inside,Gtl,NAmes
902,20,RL,64,8712,Pave,NA,IR1,Lvl,AllPub,Inside,Gtl,NAmes
903,60,RL,63,7875,Pave,NA,Reg,Lvl,AllPub,Inside,Gtl,Gilbert
904,20,RL,50,14859,Pave,NA,IR1,HLS,AllPub,CulDSac,Gtl,Gilbert
905,20,RL,0,6173,Pave,NA,IR1,Lvl,AllPub,Inside,Gtl,Sawyer
906,20,RL,80,9920,Pave,NA,Reg,Lvl,AllPub,Inside,Gtl,NAmes
907,20,RL,116,13501,Pave,NA,IR1,Lvl,AllPub,Corner,Gtl,Somerst
908,50,RL,86,11500,Pave,NA,IR1,Lvl,AllPub,Inside,Gtl,Crawfor
909,20,RL,0,8885,Pave,NA,IR1,Low,AllPub,Inside,Mod,Mitchel
910,60,RL,149,12589,Pave,NA,IR2,Lvl,AllPub,Inside,Gtl,Gilbert
911,90,RL,80,11600,Pave,NA,Reg,Lvl,AllPub,Corner,Gtl,NAmes
912,20,RL,0,9286,Pave,NA,IR1,Lvl,AllPub,CulDSac,Mod,CollgCr
913,30,RM,51,6120,Pave,NA,Reg,Lvl,AllPub,Inside,Gtl,BrkSide
914,90,RH,82,6270,Pave,NA,Reg,HLS,AllPub,Inside,Gtl,Crawfor
915,160,FV,30,3000,Pave,Pave,Reg,Lvl,AllPub,Inside,Gtl,Somerst
916,160,RM,21,2001,Pave,NA,Reg,Lvl,AllPub,Inside,Gtl,MeadowV
917,20,C (all),50,9000,Pave,NA,Reg,Lvl,AllPub,Inside,Gtl,IDOTRR
918,20,RL,0,17140,Pave,NA,Reg,Lvl,AllPub,Inside,Gtl,Edwards
919,60,RL,103,13125,Pave,NA,IR1,Lvl,AllPub,Corner,Gtl,SawyerW
920,20,RL,87,11029,Pave,NA,IR1,Lvl,AllPub,Corner,Gtl,NAmes
921,60,RL,70,8462,Pave,NA,IR1,Lvl,AllPub,Inside,Gtl,SawyerW
922,90,RL,67,8777,Pave,NA,Reg,Lvl,AllPub,Inside,Gtl,Edwards
923,20,RL,65,10237,Pave,NA,Reg,Lvl,AllPub,Inside,Gtl,Gilbert
924,120,RL,50,8012,Pave,NA,Reg,Lvl,AllPub,Inside,Gtl,SawyerW
925,20,RL,79,10240,Pave,NA,Reg,Lvl,AllPub,Inside,Gtl,NWAmes
926,20,RL,0,15611,Pave,NA,IR1,Lvl,AllPub,Corner,Gtl,NWAmes
927,60,RL,93,11999,Pave,NA,Reg,Lvl,AllPub,Inside,Gtl,NridgHt
928,60,RL,0,9900,Pave,NA,Reg,Lvl,AllPub,Inside,Gtl,NWAmes
929,20,RL,0,11838,Pave,NA,Reg,Lvl,AllPub,Inside,Gtl,CollgCr
930,60,RL,0,13006,Pave,NA,IR1,Lvl,AllPub,Corner,Gtl,Gilbert
931,20,RL,73,8925,Pave,NA,IR1,HLS,AllPub,Inside,Gtl,Timber
932,20,RL,70,9100,Pave,NA,Reg,Lvl,AllPub,Inside,Gtl,NAmes
933,20,RL,84,11670,Pave,NA,IR1,Lvl,AllPub,Corner,Gtl,Somerst
934,20,RL,63,8487,Pave,NA,Reg,Lvl,AllPub,FR2,Gtl,CollgCr
935,20,RL,313,27650,Pave,NA,IR2,HLS,AllPub,Inside,Mod,NAmes
936,30,RL,52,5825,Pave,NA,IR1,Lvl,AllPub,Inside,Gtl,BrkSide
937,20,RL,67,10083,Pave,NA,Reg,Lvl,AllPub,Inside,Gtl,SawyerW
938,60,RL,75,9675,Pave,NA,Reg,Lvl,AllPub,Inside,Gtl,Somerst
939,60,RL,73,8760,Pave,NA,Reg,Lvl,AllPub,Inside,Gtl,CollgCr
940,70,RL,0,24090,Pave,NA,Reg,Lvl,AllPub,Inside,Gtl,ClearCr
941,90,RL,55,12640,Pave,NA,IR1,Lvl,AllPub,Inside,Gtl,Mitchel
942,60,RL,0,8755,Pave,NA,IR1,Lvl,AllPub,FR2,Gtl,Gilbert
943,90,RL,42,7711,Pave,NA,IR1,Lvl,AllPub,Inside,Gtl,Edwards
944,90,RL,100,25000,Pave,NA,Reg,Low,AllPub,Inside,Gtl,Mitchel
945,20,RL,0,14375,Pave,NA,IR1,Lvl,NoSeWa,CulDSac,Gtl,Timber
946,50,RM,98,8820,Pave,NA,Reg,Lvl,AllPub,Corner,Gtl,OldTown
947,80,RL,70,8163,Pave,NA,Reg,Lvl,AllPub,Inside,Gtl,NAmes
948,20,RL,85,14536,Pave,NA,Reg,Lvl,AllPub,Inside,Gtl,Timber
949,60,RL,65,14006,Pave,NA,IR1,Lvl,AllPub,Inside,Gtl,CollgCr
950,20,RL,78,9360,Pave,NA,Reg,Lvl,AllPub,Inside,Gtl,NWAmes
951,20,RL,60,7200,Pave,NA,Reg,Lvl,AllPub,Inside,Gtl,NAmes
952,20,RH,60,7800,Pave,NA,Reg,Lvl,AllPub,Corner,Gtl,SawyerW
953,85,RL,60,7200,Pave,NA,Reg,Lvl,AllPub,Inside,Gtl,CollgCr
954,60,RL,0,11075,Pave,NA,IR1,Lvl,AllPub,Inside,Mod,Mitchel
955,90,RL,35,9400,Pave,NA,IR1,Lvl,AllPub,CulDSac,Gtl,Edwards
956,90,RH,82,7136,Pave,NA,IR1,HLS,AllPub,Inside,Gtl,Crawfor
957,160,RM,24,1300,Pave,NA,Reg,Lvl,AllPub,Inside,Gtl,Blueste
958,20,RL,70,7420,Pave,NA,Reg,Lvl,AllPub,Inside,Gtl,Sawyer
959,20,RL,65,8450,Pave,NA,Reg,Lvl,AllPub,Inside,Gtl,CollgCr
960,160,FV,24,2572,Pave,NA,Reg,Lvl,AllPub,FR2,Gtl,Somerst
961,20,RL,50,7207,Pave,NA,IR1,Lvl,AllPub,Inside,Gtl,BrkSide
962,60,RL,0,12227,Pave,NA,IR1,Lvl,AllPub,Corner,Gtl,NWAmes
963,160,RL,24,2308,Pave,NA,Reg,Lvl,AllPub,Corner,Gtl,NPkVill
964,20,RL,122,11923,Pave,NA,IR1,Lvl,AllPub,Corner,Gtl,CollgCr
965,60,RL,80,11316,Pave,NA,Reg,Lvl,AllPub,Corner,Gtl,Timber
966,60,RL,65,10237,Pave,NA,Reg,Lvl,AllPub,Inside,Gtl,Gilbert
967,50,RL,130,9600,Pave,NA,IR1,HLS,AllPub,Inside,Gtl,Crawfor
968,20,RL,0,7390,Pave,NA,IR1,Lvl,AllPub,Inside,Gtl,NAmes
969,50,RM,50,5925,Pave,NA,Reg,Lvl,AllPub,Inside,Gtl,OldTown
970,190,RL,75,10382,Pave,NA,Reg,Lvl,AllPub,Inside,Gtl,NAmes
971,50,RL,60,10800,Pave,NA,Reg,Lvl,AllPub,Inside,Gtl,NAmes
972,160,RL,36,2268,Pave,NA,Reg,Lvl,AllPub,Inside,Gtl,NridgHt
973,120,RL,55,7892,Pave,NA,Reg,Lvl,AllPub,Inside,Gtl,SawyerW
974,20,FV,95,11639,Pave,NA,Reg,Lvl,AllPub,Corner,Gtl,Somerst
975,70,RL,60,11414,Pave,NA,IR1,Lvl,AllPub,Corner,Gtl,BrkSide
976,160,FV,0,2651,Pave,NA,Reg,Lvl,AllPub,FR2,Gtl,Somerst
977,30,RL,51,5900,Pave,NA,IR1,Bnk,AllPub,Inside,Gtl,BrkSide
978,120,FV,35,4274,Pave,Pave,IR1,Lvl,AllPub,Inside,Gtl,Somerst
979,20,RL,68,9450,Pave,NA,Reg,Bnk,AllPub,Inside,Mod,Edwards
980,20,RL,80,8816,Pave,NA,Reg,Lvl,AllPub,Corner,Gtl,Sawyer
981,85,RL,0,12122,Pave,NA,IR1,Lvl,AllPub,Corner,Gtl,NAmes
982,60,RL,98,12203,Pave,NA,IR1,Lvl,AllPub,Corner,Gtl,NoRidge
983,20,RL,43,3182,Pave,NA,Reg,Lvl,AllPub,Inside,Gtl,Blmngtn
984,60,RL,0,11250,Pave,NA,Reg,Lvl,AllPub,Corner,Gtl,CollgCr
985,90,RL,75,10125,Pave,NA,Reg,Lvl,AllPub,Inside,Gtl,Mitchel
986,190,RL,68,10880,Pave,NA,Reg,Lvl,AllPub,Inside,Gtl,Edwards
987,50,RM,59,5310,Pave,NA,Reg,Lvl,AllPub,Corner,Gtl,OldTown
988,20,RL,83,10159,Pave,NA,IR1,Lvl,AllPub,Inside,Gtl,NridgHt
989,60,RL,0,12046,Pave,NA,IR1,Lvl,AllPub,Inside,Gtl,NWAmes
990,60,FV,65,8125,Pave,NA,Reg,Lvl,AllPub,Inside,Gtl,Somerst
991,60,RL,82,9452,Pave,NA,Reg,Lvl,AllPub,Inside,Gtl,NoRidge
992,70,RM,121,17671,Pave,Grvl,Reg,Lvl,AllPub,Corner,Gtl,OldTown
993,60,RL,80,9760,Pave,NA,Reg,Lvl,AllPub,Inside,Mod,NAmes
994,60,RL,68,8846,Pave,NA,Reg,Lvl,AllPub,Inside,Gtl,CollgCr
995,20,RL,96,12456,Pave,NA,Reg,Lvl,AllPub,FR2,Gtl,NridgHt
996,50,RL,51,4712,Pave,NA,IR1,Lvl,AllPub,Inside,Mod,BrkSide
997,20,RL,0,10659,Pave,NA,IR1,Lvl,AllPub,Inside,Gtl,NAmes
998,20,RL,0,11717,Pave,NA,IR1,Lvl,AllPub,Inside,Gtl,NWAmes
999,30,RM,60,9786,Pave,NA,Reg,Lvl,AllPub,Inside,Gtl,IDOTRR
1000,20,RL,64,6762,Pave,NA,Reg,Lvl,AllPub,Inside,Gtl,CollgCr
1001,20,RL,74,10206,Pave,NA,Reg,Lvl,AllPub,Corner,Gtl,Edwards
1002,30,RL,60,5400,Pave,NA,Reg,Lvl,AllPub,Corner,Gtl,OldTown
1003,20,RL,75,11957,Pave,NA,IR1,Lvl,AllPub,Inside,Gtl,Somerst
1004,90,RL,0,11500,Pave,NA,IR1,Lvl,AllPub,Corner,Gtl,NWAmes
1005,120,RL,43,3182,Pave,NA,Reg,Lvl,AllPub,Inside,Gtl,Blmngtn
1006,80,RL,65,8385,Pave,NA,Reg,Lvl,AllPub,Inside,Gtl,CollgCr
1007,20,RL,0,12155,Pave,NA,IR3,Lvl,AllPub,Inside,Gtl,NAmes
1008,160,RM,21,2217,Pave,NA,Reg,Lvl,AllPub,Inside,Gtl,MeadowV
1009,20,RL,43,12118,Pave,NA,IR1,Lvl,AllPub,CulDSac,Gtl,Mitchel
1010,50,RL,60,6000,Pave,NA,Reg,Lvl,AllPub,Inside,Gtl,SWISU
1011,50,RL,115,21286,Pave,NA,Reg,Lvl,AllPub,Inside,Gtl,Sawyer
1012,90,RL,75,9825,Pave,NA,Reg,Lvl,AllPub,Inside,Gtl,Edwards
1013,70,RL,55,10592,Pave,NA,Reg,Lvl,AllPub,Inside,Gtl,Crawfor
1014,30,RM,60,7200,Pave,NA,Reg,Lvl,AllPub,Inside,Gtl,OldTown
1015,20,RL,60,11664,Pave,NA,Reg,Lvl,AllPub,Inside,Gtl,NAmes
1016,60,RL,70,8400,Pave,NA,Reg,Lvl,AllPub,Inside,Gtl,NWAmes
1017,20,RL,73,11883,Pave,NA,Reg,Lvl,AllPub,Inside,Gtl,CollgCr
1018,120,RL,0,5814,Pave,NA,IR1,Lvl,AllPub,CulDSac,Gtl,StoneBr
1019,80,RL,0,10784,Pave,NA,IR1,Lvl,AllPub,FR2,Gtl,Gilbert
1020,120,RL,43,3013,Pave,NA,Reg,Lvl,AllPub,Inside,Gtl,Blmngtn
1021,20,RL,60,7024,Pave,NA,Reg,Lvl,AllPub,Inside,Gtl,Edwards
1022,20,RL,64,7406,Pave,NA,Reg,Lvl,AllPub,Inside,Gtl,CollgCr
1023,50,RM,52,9439,Pave,NA,Reg,Lvl,AllPub,Inside,Gtl,OldTown
1024,120,RL,43,3182,Pave,NA,Reg,Lvl,AllPub,Inside,Gtl,Blmngtn
1025,20,RL,0,15498,Pave,NA,IR1,Lvl,AllPub,Corner,Gtl,Timber
1026,20,RL,70,7700,Pave,NA,Reg,Lvl,AllPub,Corner,Gtl,CollgCr
1027,20,RL,73,9300,Pave,NA,Reg,Lvl,AllPub,Inside,Gtl,NAmes
1028,20,RL,71,9520,Pave,NA,IR1,HLS,AllPub,Inside,Gtl,Timber
1029,50,RL,79,9492,Pave,NA,Reg,Lvl,AllPub,Inside,Gtl,NAmes
1030,160,RM,21,1680,Pave,NA,Reg,Lvl,AllPub,Inside,Gtl,BrDale
1031,190,RH,0,7082,Pave,NA,Reg,Lvl,AllPub,Inside,Gtl,SWISU
1032,75,RL,102,15863,Pave,NA,Reg,Lvl,AllPub,Corner,Gtl,SWISU
1033,60,RL,0,14541,Pave,NA,IR1,Lvl,AllPub,Corner,Gtl,NoRidge
1034,20,RL,0,8125,Pave,NA,Reg,Lvl,AllPub,Inside,Gtl,CollgCr
1035,30,RL,50,6305,Pave,NA,Reg,Bnk,AllPub,Inside,Gtl,Crawfor
1036,20,RL,0,11500,Pave,NA,IR1,Lvl,AllPub,CulDSac,Gtl,Edwards
1037,20,RL,89,12898,Pave,NA,IR1,HLS,AllPub,Inside,Gtl,Timber
1038,60,RL,0,9240,Pave,NA,Reg,Lvl,AllPub,Inside,Gtl,CollgCr
1039,160,RM,21,1533,Pave,NA,Reg,Lvl,AllPub,Inside,Gtl,MeadowV
1040,180,RM,21,1477,Pave,NA,Reg,Lvl,AllPub,Inside,Gtl,MeadowV
1041,20,RL,88,13125,Pave,NA,Reg,Lvl,AllPub,Corner,Gtl,Sawyer
1042,60,RL,0,9130,Pave,NA,Reg,Lvl,AllPub,Inside,Gtl,NWAmes
1043,120,RL,34,5381,Pave,NA,IR1,Lvl,AllPub,Inside,Gtl,NridgHt
1044,60,RL,86,11839,Pave,NA,Reg,Lvl,AllPub,Inside,Gtl,SawyerW
1045,20,RL,80,9600,Pave,NA,Reg,Lvl,AllPub,Inside,Gtl,NWAmes
1046,20,RL,0,13680,Pave,NA,IR1,Lvl,AllPub,CulDSac,Gtl,Edwards
1047,60,RL,85,16056,Pave,NA,IR1,Lvl,AllPub,Inside,Gtl,StoneBr
1048,20,RL,57,9245,Pave,NA,IR2,Lvl,AllPub,Inside,Gtl,CollgCr
1049,20,RL,100,21750,Pave,NA,Reg,Lvl,AllPub,Inside,Gtl,Mitchel
1050,20,RL,60,11100,Pave,NA,Reg,Low,AllPub,Inside,Gtl,Edwards
1051,20,RL,73,8993,Pave,NA,IR1,Lvl,AllPub,Inside,Gtl,Gilbert
1052,20,RL,103,11175,Pave,NA,IR1,Lvl,AllPub,Corner,Gtl,CollgCr
1053,60,RL,100,9500,Pave,NA,Reg,Lvl,AllPub,Corner,Gtl,NAmes
1054,20,RL,68,8562,Pave,NA,Reg,Lvl,AllPub,Inside,Mod,Edwards
1055,60,RL,90,11367,Pave,NA,Reg,Lvl,AllPub,Corner,Gtl,CollgCr
1056,20,RL,104,11361,Pave,NA,Reg,Lvl,AllPub,Inside,Gtl,NWAmes
1057,120,RL,43,7052,Pave,NA,IR1,Lvl,AllPub,Inside,Gtl,NridgHt
1058,60,RL,0,29959,Pave,NA,IR2,Lvl,AllPub,FR2,Gtl,NoRidge
1059,60,RL,96,11308,Pave,NA,IR1,Lvl,AllPub,Inside,Gtl,NridgHt
1060,50,RL,0,11275,Pave,NA,IR1,HLS,AllPub,Corner,Mod,Crawfor
1061,120,RL,41,4920,Pave,NA,Reg,Lvl,AllPub,Inside,Gtl,StoneBr
1062,30,C (all),120,18000,Grvl,NA,Reg,Low,AllPub,Inside,Gtl,IDOTRR
1063,190,RM,85,13600,Pave,Grvl,Reg,Lvl,AllPub,Inside,Gtl,OldTown
1064,30,RM,50,6000,Pave,NA,Reg,Lvl,AllPub,Inside,Gtl,OldTown
1065,20,RL,0,11000,Pave,NA,IR1,Lvl,AllPub,CulDSac,Gtl,NAmes
1066,60,RL,80,14000,Pave,NA,Reg,Lvl,AllPub,Inside,Mod,ClearCr
1067,60,RL,59,7837,Pave,NA,IR1,Lvl,AllPub,Inside,Gtl,Gilbert
1068,60,RL,80,9760,Pave,NA,Reg,Lvl,AllPub,Inside,Mod,NAmes
1069,160,RM,42,3964,Pave,NA,Reg,Lvl,AllPub,Inside,Gtl,MeadowV
1070,45,RL,60,9600,Pave,NA,Reg,Lvl,AllPub,Inside,Gtl,NAmes
1071,20,RL,72,10152,Pave,NA,Reg,Lvl,AllPub,Inside,Gtl,NAmes
1072,60,RL,78,11700,Pave,NA,Reg,Lvl,AllPub,Inside,Gtl,NWAmes
1073,50,RL,50,7585,Pave,NA,Reg,Lvl,AllPub,Inside,Gtl,Edwards
1074,60,RL,75,7950,Pave,NA,IR1,Bnk,AllPub,Corner,Gtl,Edwards
1075,20,RL,74,8556,Pave,NA,Reg,Lvl,AllPub,Inside,Gtl,CollgCr
1076,70,RL,75,13125,Pave,NA,Reg,Lvl,AllPub,Inside,Gtl,Crawfor
1077,50,RL,60,10800,Pave,Grvl,Reg,Lvl,AllPub,Inside,Gtl,OldTown
1078,20,RL,0,15870,Pave,NA,IR1,Lvl,AllPub,Corner,Gtl,NAmes
1079,120,RM,37,4435,Pave,NA,Reg,Lvl,AllPub,Inside,Gtl,CollgCr
1080,20,RL,65,8775,Pave,NA,Reg,Lvl,AllPub,Inside,Gtl,CollgCr
1081,20,RL,80,11040,Pave,NA,Reg,Lvl,AllPub,Inside,Gtl,NWAmes
1082,20,RL,75,7500,Pave,NA,Reg,Lvl,AllPub,Corner,Gtl,Sawyer
1083,20,RL,70,8749,Pave,NA,Reg,Lvl,AllPub,Inside,Gtl,CollgCr
1084,20,RL,80,8800,Pave,NA,Reg,Lvl,AllPub,Inside,Gtl,NAmes
1085,60,RL,0,13031,Pave,NA,IR2,Lvl,AllPub,Corner,Gtl,Gilbert
1086,85,RL,73,9069,Pave,NA,Reg,Lvl,AllPub,Inside,Gtl,SawyerW
1087,160,RM,0,1974,Pave,NA,Reg,Lvl,AllPub,Inside,Gtl,MeadowV
1088,60,FV,85,10574,Pave,NA,Reg,Lvl,AllPub,Inside,Gtl,Somerst
1089,160,RM,24,2522,Pave,NA,Reg,Lvl,AllPub,Inside,Gtl,Edwards
1090,120,FV,37,3316,Pave,Pave,IR1,Lvl,AllPub,Inside,Gtl,Somerst
1091,90,RL,60,8544,Pave,NA,Reg,Lvl,AllPub,Corner,Gtl,NAmes
1092,160,FV,24,2160,Pave,Pave,Reg,Lvl,AllPub,Inside,Gtl,Somerst
1093,50,RL,60,8400,Pave,NA,Reg,Bnk,AllPub,Inside,Gtl,SWISU
1094,20,RL,71,9230,Pave,NA,Reg,Lvl,AllPub,Corner,Gtl,NAmes
1095,20,RL,74,5868,Pave,NA,Reg,Lvl,AllPub,Inside,Gtl,NAmes
1096,20,RL,78,9317,Pave,NA,IR1,Lvl,AllPub,Inside,Gtl,CollgCr
1097,70,RM,60,6882,Pave,NA,Reg,Lvl,AllPub,Inside,Gtl,IDOTRR
1098,120,RL,0,3696,Pave,NA,Reg,Lvl,AllPub,Inside,Gtl,StoneBr
1099,50,RM,50,6000,Pave,NA,Reg,Lvl,AllPub,Inside,Gtl,BrkSide
1100,20,RL,82,11880,Pave,NA,IR1,Lvl,AllPub,Inside,Gtl,NWAmes
1101,30,RL,60,8400,Pave,NA,Reg,Bnk,AllPub,Inside,Gtl,SWISU
1102,20,RL,61,9758,Pave,NA,IR1,Lvl,AllPub,Inside,Gtl,NAmes
1103,20,RL,70,7000,Pave,NA,Reg,Lvl,AllPub,Inside,Gtl,NAmes
1104,20,RL,79,8910,Pave,NA,Reg,Lvl,AllPub,Corner,Gtl,NAmes
1105,160,RM,24,2016,Pave,NA,Reg,Lvl,AllPub,Inside,Gtl,BrDale
1106,60,RL,98,12256,Pave,NA,IR1,Lvl,AllPub,Corner,Gtl,NoRidge
1107,20,RL,114,10357,Pave,NA,IR1,Lvl,AllPub,Corner,Gtl,SawyerW
1108,60,RL,168,23257,Pave,NA,IR3,HLS,AllPub,CulDSac,Gtl,Gilbert
1109,60,RL,0,8063,Pave,NA,Reg,Lvl,AllPub,Inside,Gtl,Gilbert
1110,20,RL,107,11362,Pave,NA,IR1,Lvl,AllPub,Inside,Gtl,NridgHt
1111,60,RL,0,8000,Pave,NA,Reg,Lvl,AllPub,Inside,Gtl,Gilbert
1112,60,RL,80,10480,Pave,NA,Reg,Lvl,AllPub,Inside,Gtl,NWAmes
1113,20,RL,73,7100,Pave,NA,IR1,Lvl,AllPub,Corner,Gtl,NAmes
1114,20,RL,66,8923,Pave,NA,Reg,Lvl,AllPub,Inside,Gtl,NAmes
1115,20,RL,90,5400,Pave,NA,Reg,Lvl,AllPub,Inside,Gtl,OldTown
1116,20,RL,93,12085,Pave,NA,Reg,Lvl,AllPub,Inside,Gtl,NridgHt
1117,80,RL,0,7750,Pave,NA,Reg,Lvl,AllPub,Inside,Gtl,Gilbert
1118,20,RL,57,9764,Pave,NA,IR1,Lvl,AllPub,FR2,Gtl,Sawyer
1119,80,RL,85,13825,Pave,NA,Reg,Lvl,AllPub,Inside,Gtl,Sawyer
1120,20,RL,70,7560,Pave,NA,Reg,Lvl,AllPub,Inside,Gtl,NAmes
1121,30,RM,59,8263,Pave,NA,Reg,Bnk,AllPub,Inside,Mod,IDOTRR
1122,20,RL,84,10084,Pave,NA,Reg,Lvl,AllPub,Inside,Gtl,CollgCr
1123,20,RL,0,8926,Pave,NA,IR1,Lvl,AllPub,Corner,Gtl,Edwards
1124,20,RL,50,9405,Pave,NA,Reg,Lvl,AllPub,Inside,Gtl,Edwards
1125,80,RL,0,9125,Pave,NA,IR1,Lvl,AllPub,Inside,Gtl,Gilbert
1126,20,RL,60,10434,Pave,NA,Reg,Lvl,AllPub,Inside,Gtl,NAmes
1127,120,RL,53,3684,Pave,NA,Reg,Lvl,AllPub,Inside,Gtl,Blmngtn
1128,20,RL,182,14572,Pave,NA,IR3,Lvl,AllPub,Corner,Gtl,Gilbert
1129,60,RL,59,11796,Pave,NA,IR1,Lvl,AllPub,Inside,Gtl,Gilbert
1130,90,RM,60,7200,Pave,Grvl,Reg,Lvl,AllPub,Inside,Gtl,OldTown
1131,50,RL,65,7804,Pave,NA,Reg,Lvl,AllPub,Inside,Gtl,SWISU
1132,20,RL,63,10712,Pave,NA,Reg,Lvl,AllPub,Inside,Gtl,Mitchel
1133,70,RM,90,9900,Pave,NA,Reg,Lvl,AllPub,Inside,Gtl,OldTown
1134,60,RL,80,9828,Pave,NA,IR1,Lvl,AllPub,Inside,Gtl,SawyerW
1135,60,RL,57,8773,Pave,NA,IR1,HLS,AllPub,Inside,Gtl,Gilbert
1136,30,RM,60,6180,Pave,NA,Reg,Lvl,AllPub,Corner,Gtl,BrkSide
1137,50,RL,80,9600,Pave,NA,Reg,Lvl,AllPub,Inside,Gtl,NAmes
1138,50,RL,54,6342,Pave,NA,Reg,Lvl,AllPub,Inside,Gtl,Sawyer
1139,20,RL,0,9819,Pave,NA,IR1,Lvl,AllPub,Inside,Mod,Mitchel
1140,30,RL,98,8731,Pave,NA,IR1,Lvl,AllPub,Inside,Gtl,BrkSide
1141,20,RL,60,7350,Pave,NA,Reg,Lvl,AllPub,Corner,Gtl,NAmes
1142,60,RL,0,10304,Pave,NA,IR1,Lvl,AllPub,CulDSac,Gtl,NWAmes
1143,60,RL,77,9965,Pave,NA,Reg,Lvl,AllPub,Inside,Gtl,CollgCr
1144,20,RL,0,9000,Pave,NA,Reg,Lvl,AllPub,Inside,Gtl,Sawyer
1145,190,RL,60,12180,Pave,NA,Reg,Lvl,AllPub,Inside,Gtl,Edwards
1146,50,RM,52,6240,Pave,NA,Reg,Lvl,AllPub,Inside,Gtl,BrkSide
1147,20,RL,0,11200,Pave,NA,Reg,Lvl,AllPub,Inside,Gtl,SawyerW
1148,70,RL,75,12000,Pave,NA,Reg,Bnk,AllPub,Inside,Gtl,Crawfor
1149,50,RM,0,5700,Pave,NA,Reg,Lvl,AllPub,Inside,Gtl,OldTown
1150,70,RM,50,9000,Pave,NA,Reg,Lvl,AllPub,Inside,Gtl,OldTown
1151,20,RL,57,8280,Pave,NA,IR1,Lvl,AllPub,Inside,Gtl,NAmes
1152,20,RL,134,17755,Pave,NA,Reg,Lvl,AllPub,Inside,Gtl,Edwards
1153,20,RL,90,14115,Pave,NA,IR1,Lvl,AllPub,Inside,Gtl,Crawfor
1154,30,RM,0,5890,Pave,NA,Reg,Lvl,AllPub,Corner,Gtl,IDOTRR
1155,60,RL,0,13700,Pave,NA,IR1,Lvl,AllPub,Inside,Gtl,NAmes
1156,20,RL,90,10768,Pave,NA,IR1,Lvl,AllPub,Corner,Gtl,Veenker
1157,80,RL,85,9350,Pave,NA,Reg,Lvl,AllPub,Inside,Gtl,NAmes
1158,120,RL,34,5001,Pave,NA,IR1,Lvl,AllPub,Inside,Gtl,NridgHt
1159,20,RL,92,11932,Pave,NA,Reg,Lvl,AllPub,FR2,Gtl,Somerst
1160,60,RL,76,9120,Pave,NA,Reg,Lvl,AllPub,Inside,Gtl,NWAmes
1161,160,RL,24,2280,Pave,NA,Reg,Lvl,AllPub,Inside,Gtl,NPkVill
1162,20,RL,0,14778,Pave,NA,IR1,Low,AllPub,CulDSac,Gtl,Crawfor
1163,20,RL,109,8724,Pave,NA,Reg,Lvl,AllPub,Inside,Gtl,Sawyer
1164,90,RL,60,12900,Pave,NA,Reg,Lvl,AllPub,Inside,Gtl,Sawyer
1165,80,RL,0,16157,Pave,NA,IR1,Lvl,AllPub,FR2,Gtl,Veenker
1166,20,RL,79,9541,Pave,NA,IR1,Lvl,AllPub,Inside,Gtl,NridgHt
1167,20,RL,64,10475,Pave,NA,IR1,Lvl,AllPub,Corner,Gtl,CollgCr
1168,60,RL,58,10852,Pave,NA,IR1,Lvl,AllPub,Inside,Gtl,Gilbert
1169,70,RL,120,13728,Pave,NA,Reg,Lvl,AllPub,Corner,Gtl,Edwards
1170,60,RL,118,35760,Pave,NA,IR1,Lvl,AllPub,CulDSac,Gtl,NoRidge
1171,80,RL,76,9880,Pave,NA,Reg,Lvl,AllPub,Inside,Gtl,Mitchel
1172,20,RL,76,9120,Pave,NA,Reg,Lvl,AllPub,Inside,Gtl,NAmes
1173,160,FV,35,4017,Pave,Pave,IR1,Lvl,AllPub,Inside,Gtl,Somerst
1174,50,RL,138,18030,Pave,NA,IR1,Bnk,AllPub,Inside,Gtl,ClearCr
1175,70,RL,80,16560,Pave,NA,IR1,Lvl,AllPub,Inside,Gtl,Crawfor
1176,50,RL,85,10678,Pave,NA,Reg,Lvl,AllPub,Inside,Gtl,NoRidge
1177,20,RL,37,6951,Pave,NA,IR1,Lvl,AllPub,CulDSac,Gtl,Mitchel
1178,50,RM,0,3950,Pave,Grvl,Reg,Bnk,AllPub,Inside,Gtl,OldTown
1179,50,RL,54,7681,Pave,NA,IR1,Lvl,AllPub,FR2,Gtl,Crawfor
1180,20,RL,77,8335,Pave,NA,Reg,Lvl,AllPub,Corner,Gtl,Edwards
1181,60,RL,0,11170,Pave,NA,IR2,Lvl,AllPub,Corner,Gtl,Timber
1182,120,RM,64,5587,Pave,NA,IR1,HLS,AllPub,Inside,Mod,Crawfor
1183,60,RL,160,15623,Pave,NA,IR1,Lvl,AllPub,Corner,Gtl,NoRidge
1184,30,RL,60,10800,Pave,Grvl,Reg,Lvl,AllPub,Inside,Gtl,OldTown
1185,20,RL,50,35133,Grvl,NA,Reg,Lvl,AllPub,Inside,Mod,Timber
1186,50,RL,60,9738,Pave,NA,Reg,Lvl,AllPub,Inside,Gtl,Edwards
1187,190,RL,107,10615,Pave,NA,IR1,Bnk,AllPub,Corner,Mod,OldTown
1188,20,RL,89,12461,Pave,NA,Reg,Lvl,AllPub,Corner,Gtl,NoRidge
1189,60,RL,68,8935,Pave,NA,IR1,Lvl,AllPub,Inside,Gtl,CollgCr
1190,60,RL,60,7500,Pave,NA,Reg,Lvl,AllPub,Inside,Gtl,Gilbert
1191,190,RL,0,32463,Pave,NA,Reg,Low,AllPub,Inside,Mod,Mitchel
1192,160,FV,24,2645,Pave,Pave,Reg,Lvl,AllPub,Inside,Gtl,Somerst
1193,50,RM,60,9600,Pave,Grvl,Reg,Lvl,AllPub,Inside,Gtl,OldTown
1194,120,RM,0,4500,Pave,NA,Reg,Lvl,AllPub,FR2,Gtl,Mitchel
1195,60,RL,80,9364,Pave,NA,Reg,Lvl,AllPub,Corner,Gtl,Sawyer
1196,60,RL,51,8029,Pave,NA,IR1,Lvl,AllPub,Inside,Gtl,Gilbert
1197,60,RL,58,14054,Pave,NA,IR1,Lvl,AllPub,Inside,Gtl,Gilbert
1198,75,RM,65,8850,Pave,NA,IR1,Bnk,AllPub,Corner,Gtl,OldTown
1199,20,RL,70,9100,Pave,NA,Reg,Lvl,AllPub,Inside,Gtl,CollgCr
1200,20,RL,75,11235,Pave,NA,Reg,Lvl,AllPub,Inside,Gtl,Sawyer
1201,20,RL,71,9353,Pave,NA,Reg,Lvl,AllPub,Inside,Gtl,NAmes
1202,60,RL,80,10400,Pave,NA,Reg,Lvl,AllPub,Corner,Gtl,CollgCr
1203,50,RM,50,6000,Pave,NA,Reg,Lvl,AllPub,Corner,Gtl,BrkSide
1204,20,RL,75,9750,Pave,NA,Reg,Lvl,AllPub,Inside,Gtl,CollgCr
1205,20,RL,78,10140,Pave,NA,Reg,Lvl,AllPub,Inside,Gtl,NWAmes
1206,20,RL,90,14684,Pave,NA,IR1,Lvl,AllPub,CulDSac,Gtl,SawyerW
1207,20,RH,0,8900,Pave,NA,Reg,Lvl,AllPub,Inside,Gtl,SawyerW
1208,20,RL,70,9135,Pave,NA,Reg,Lvl,AllPub,Inside,Gtl,CollgCr
1209,20,RL,70,7763,Pave,NA,Reg,Lvl,AllPub,Inside,Gtl,NAmes
1210,20,RL,85,10182,Pave,NA,IR1,Lvl,AllPub,CulDSac,Gtl,Somerst
1211,60,RL,70,11218,Pave,NA,Reg,Lvl,AllPub,Inside,Gtl,SawyerW
1212,50,RL,152,12134,Pave,NA,IR1,Bnk,AllPub,Inside,Mod,Gilbert
1213,30,RL,50,9340,Pave,NA,Reg,Lvl,AllPub,Inside,Gtl,Edwards
1214,80,RL,0,10246,Pave,NA,IR1,Lvl,AllPub,CulDSac,Gtl,Sawyer
1215,85,RL,69,10205,Pave,NA,IR1,Lvl,AllPub,Inside,Gtl,NAmes
1216,20,RL,99,7094,Pave,NA,IR1,Lvl,AllPub,Inside,Gtl,Sawyer
1217,90,RM,68,8930,Pave,NA,Reg,Lvl,AllPub,Inside,Gtl,Sawyer
1218,20,FV,72,8640,Pave,NA,Reg,Lvl,AllPub,Inside,Gtl,Somerst
1219,50,RM,52,6240,Pave,NA,Reg,Lvl,AllPub,Inside,Gtl,BrkSide
1220,160,RM,21,1680,Pave,NA,Reg,Lvl,AllPub,Inside,Gtl,BrDale
1221,20,RL,66,7800,Pave,NA,IR1,Lvl,AllPub,Inside,Gtl,NAmes
1222,20,RL,55,8250,Pave,NA,Reg,Lvl,AllPub,Inside,Gtl,Sawyer
1223,50,RL,78,10496,Pave,NA,Reg,Lvl,AllPub,Inside,Gtl,NAmes
1224,20,RL,89,10680,Pave,NA,Reg,Lvl,AllPub,Inside,Gtl,NAmes
1225,60,RL,60,15384,Pave,NA,IR1,Lvl,AllPub,Inside,Gtl,Gilbert
1226,80,RL,65,10482,Pave,NA,Reg,Lvl,AllPub,Inside,Gtl,NAmes
1227,60,RL,86,14598,Pave,NA,IR1,Lvl,AllPub,CulDSac,Gtl,Somerst
1228,20,RL,72,8872,Pave,NA,Reg,Lvl,AllPub,Corner,Gtl,NAmes
1229,120,RL,65,8769,Pave,NA,Reg,Lvl,AllPub,Corner,Gtl,NridgHt
1230,80,RL,70,7910,Pave,NA,Reg,Lvl,AllPub,Inside,Gtl,NAmes
1231,90,RL,0,18890,Pave,NA,IR1,Lvl,AllPub,Inside,Gtl,Sawyer
1232,90,RL,70,7728,Pave,NA,Reg,Lvl,AllPub,Inside,Gtl,NAmes
1233,90,RL,70,9842,Pave,NA,Reg,Lvl,AllPub,FR2,Gtl,NAmes
1234,20,RL,0,12160,Pave,NA,IR1,Lvl,AllPub,Inside,Gtl,NAmes
1235,70,RH,55,8525,Pave,NA,Reg,Bnk,AllPub,Inside,Gtl,SWISU
1236,70,RL,96,13132,Pave,NA,Reg,Lvl,AllPub,Inside,Gtl,Crawfor
1237,160,RL,36,2628,Pave,NA,Reg,Lvl,AllPub,Inside,Gtl,NridgHt
1238,60,RL,41,12393,Pave,NA,IR2,Lvl,AllPub,FR2,Gtl,CollgCr
1239,20,RL,63,13072,Pave,NA,Reg,Lvl,AllPub,Inside,Gtl,SawyerW
1240,20,RL,64,9037,Pave,NA,IR1,HLS,AllPub,Inside,Gtl,Timber
1241,60,RL,65,8158,Pave,NA,Reg,Lvl,AllPub,Inside,Gtl,CollgCr
1242,20,RL,83,9849,Pave,NA,Reg,Lvl,AllPub,Inside,Gtl,Somerst
1243,85,RL,85,10625,Pave,NA,Reg,Lvl,AllPub,Inside,Gtl,NWAmes
1244,20,RL,107,13891,Pave,NA,Reg,Lvl,AllPub,Inside,Gtl,NridgHt
1245,70,RL,0,11435,Pave,NA,IR1,HLS,AllPub,Corner,Mod,Crawfor
1246,80,RL,78,12090,Pave,NA,Reg,Lvl,AllPub,Inside,Gtl,NWAmes
1247,60,FV,65,8125,Pave,NA,Reg,Lvl,AllPub,Inside,Gtl,Somerst
1248,80,RL,0,12328,Pave,NA,IR1,Lvl,AllPub,Inside,Gtl,Mitchel
1249,75,RM,60,9600,Pave,Grvl,Reg,Lvl,AllPub,Inside,Gtl,OldTown
1250,20,RL,60,7200,Pave,NA,Reg,Lvl,AllPub,Inside,Gtl,NAmes
1251,20,RL,93,11160,Pave,NA,Reg,Lvl,AllPub,Corner,Gtl,NAmes
1252,120,RL,0,3136,Pave,NA,IR1,Lvl,AllPub,Corner,Gtl,NridgHt
1253,20,RL,62,9858,Pave,NA,Reg,Lvl,AllPub,Inside,Gtl,Mitchel
1254,60,RL,0,17542,Pave,NA,IR1,Lvl,AllPub,Inside,Gtl,Veenker
1255,60,RL,60,6931,Pave,NA,Reg,Lvl,AllPub,Inside,Gtl,Edwards
1256,50,RM,52,6240,Pave,NA,Reg,Lvl,AllPub,Inside,Gtl,BrkSide
1257,20,RL,91,14303,Pave,NA,IR1,Lvl,AllPub,Corner,Gtl,NoRidge
1258,30,RL,56,4060,Pave,NA,Reg,Lvl,AllPub,Corner,Gtl,Edwards
1259,80,RL,59,9587,Pave,NA,IR1,Lvl,AllPub,Inside,Gtl,Gilbert
1260,20,RL,65,9750,Pave,NA,Reg,Lvl,AllPub,FR2,Gtl,NAmes
1261,60,RL,0,24682,Pave,NA,IR3,Lvl,AllPub,CulDSac,Gtl,Gilbert
1262,20,RL,80,9600,Pave,NA,Reg,Lvl,AllPub,Inside,Gtl,NAmes
1263,50,RL,0,11250,Pave,NA,Reg,Lvl,AllPub,Inside,Gtl,ClearCr
1264,70,RL,60,13515,Pave,Pave,Reg,Lvl,AllPub,Inside,Gtl,BrkSide
1265,120,RH,34,4060,Pave,NA,Reg,Lvl,AllPub,Inside,Gtl,NAmes
1266,160,FV,35,3735,Pave,NA,Reg,Lvl,AllPub,FR3,Gtl,Somerst
1267,190,RM,60,10120,Pave,NA,IR1,Bnk,AllPub,Inside,Gtl,OldTown
1268,20,RL,89,13214,Pave,NA,IR1,HLS,AllPub,Inside,Gtl,Timber
1269,50,RL,0,14100,Pave,NA,IR1,Lvl,AllPub,Inside,Mod,Crawfor
1270,50,RL,78,11344,Pave,NA,Reg,Lvl,AllPub,Inside,Gtl,NAmes
1271,40,RL,0,23595,Pave,NA,Reg,Low,AllPub,Inside,Sev,ClearCr
1272,20,RL,0,9156,Pave,NA,IR1,Lvl,AllPub,Inside,Gtl,NWAmes
1273,20,RL,0,13526,Pave,NA,IR1,Lvl,AllPub,CulDSac,Gtl,Sawyer
1274,80,RL,124,11512,Pave,NA,IR1,Lvl,AllPub,Corner,Gtl,Edwards
1275,50,RL,53,5362,Pave,NA,Reg,Lvl,AllPub,Corner,Gtl,Crawfor
1276,90,RL,95,11345,Pave,NA,Reg,Lvl,AllPub,Corner,Gtl,NAmes
1277,60,RL,0,12936,Pave,NA,IR1,Lvl,AllPub,CulDSac,Gtl,NWAmes
1278,80,RL,0,17871,Pave,NA,IR1,Lvl,AllPub,CulDSac,Gtl,NWAmes
1279,60,RL,75,9473,Pave,NA,Reg,Lvl,AllPub,Inside,Gtl,CollgCr
1280,50,C (all),60,7500,Pave,NA,Reg,Lvl,AllPub,Inside,Gtl,IDOTRR
1281,20,RL,67,9808,Pave,NA,IR1,Lvl,AllPub,Inside,Gtl,CollgCr
1282,20,RL,50,8049,Pave,NA,IR1,Lvl,AllPub,CulDSac,Gtl,Timber
1283,20,RL,61,8800,Pave,NA,IR1,Lvl,AllPub,Inside,Gtl,CollgCr
1284,90,RL,94,9400,Pave,NA,Reg,Low,AllPub,Corner,Gtl,Mitchel
1285,50,RL,50,9638,Pave,NA,Reg,Lvl,AllPub,Inside,Gtl,SWISU
1286,50,RM,50,6000,Pave,NA,Reg,Lvl,AllPub,Inside,Gtl,BrkSide
1287,20,RL,0,9790,Pave,NA,Reg,Lvl,AllPub,Inside,Gtl,NWAmes
1288,20,RL,0,36500,Pave,NA,IR1,Low,AllPub,Inside,Mod,ClearCr
1289,120,RL,40,5664,Pave,NA,IR1,Lvl,AllPub,Inside,Gtl,StoneBr
1290,60,RL,86,11065,Pave,NA,IR1,Lvl,AllPub,Inside,Gtl,NridgHt
1291,80,RL,0,14112,Pave,NA,IR1,Lvl,AllPub,Corner,Gtl,NAmes
1292,160,RM,21,1680,Pave,NA,Reg,Lvl,AllPub,Inside,Gtl,BrDale
1293,70,RM,60,6600,Pave,NA,Reg,Lvl,AllPub,Corner,Gtl,OldTown
1294,60,RL,78,10140,Pave,NA,Reg,Lvl,AllPub,Inside,Gtl,NWAmes
1295,20,RL,60,8172,Pave,NA,Reg,Lvl,AllPub,Inside,Gtl,Edwards
1296,20,RL,70,8400,Pave,NA,Reg,Lvl,AllPub,Inside,Gtl,NAmes
1297,20,RL,80,8700,Pave,NA,Reg,Lvl,AllPub,Inside,Gtl,NAmes
1298,180,RM,35,3675,Pave,NA,Reg,Lvl,AllPub,Inside,Gtl,Edwards
1299,60,RL,313,63887,Pave,NA,IR3,Bnk,AllPub,Corner,Gtl,Edwards
1300,20,RL,75,7500,Pave,NA,Reg,Lvl,AllPub,Inside,Gtl,NAmes
1301,60,RL,0,10762,Pave,NA,IR1,Lvl,AllPub,CulDSac,Gtl,Gilbert
1302,70,RL,0,7500,Pave,NA,IR1,Bnk,AllPub,Inside,Gtl,Crawfor
1303,60,RL,92,10120,Pave,NA,Reg,Lvl,AllPub,Inside,Gtl,NoRidge
1304,20,RL,73,8688,Pave,NA,Reg,Lvl,AllPub,Inside,Gtl,Somerst
1305,160,RM,32,3363,Pave,NA,Reg,Lvl,AllPub,Inside,Gtl,Edwards
1306,20,RL,108,13173,Pave,NA,IR1,Lvl,AllPub,Corner,Gtl,NridgHt
1307,120,RL,48,6955,Pave,NA,IR1,Lvl,AllPub,Inside,Gtl,NridgHt
1308,20,RL,60,8072,Pave,NA,Reg,Lvl,AllPub,Inside,Gtl,CollgCr
1309,20,RM,100,12000,Pave,NA,Reg,Lvl,AllPub,Inside,Gtl,OldTown
1310,20,RL,0,7153,Pave,NA,Reg,Lvl,AllPub,Inside,Gtl,SawyerW
1311,20,RL,100,17500,Pave,NA,Reg,Lvl,AllPub,Inside,Gtl,Crawfor
1312,20,RL,68,8814,Pave,NA,Reg,Lvl,AllPub,Inside,Gtl,CollgCr
1313,60,RL,0,9572,Pave,NA,IR1,Lvl,AllPub,Inside,Gtl,NoRidge
1314,60,RL,108,14774,Pave,NA,IR1,Lvl,AllPub,Corner,Gtl,NoRidge
1315,20,RL,60,8190,Pave,NA,Reg,Lvl,AllPub,Inside,Gtl,Edwards
1316,60,RL,85,11075,Pave,NA,Reg,Lvl,AllPub,Inside,Gtl,NAmes
1317,20,RL,61,10226,Pave,NA,IR1,Lvl,AllPub,Inside,Gtl,CollgCr
1318,120,FV,47,4230,Pave,Pave,Reg,Lvl,AllPub,Corner,Gtl,Somerst
1319,20,RL,0,14781,Pave,NA,IR2,Lvl,AllPub,CulDSac,Gtl,CollgCr
1320,20,RL,75,10215,Pave,NA,Reg,Bnk,AllPub,Inside,Gtl,Edwards
1321,20,RL,70,8400,Pave,NA,Reg,Lvl,AllPub,Inside,Gtl,NAmes
1322,20,RL,0,6627,Pave,NA,IR1,Lvl,AllPub,Corner,Gtl,BrkSide
1323,60,RL,107,10186,Pave,NA,IR1,Lvl,AllPub,Inside,Gtl,NoRidge
1324,30,RL,50,5330,Pave,NA,Reg,HLS,AllPub,Inside,Gtl,BrkSide
1325,20,RL,75,9986,Pave,NA,Reg,Lvl,AllPub,Inside,Gtl,Somerst
1326,30,RM,40,3636,Pave,NA,Reg,Lvl,AllPub,Inside,Gtl,IDOTRR
1327,30,RH,70,4270,Pave,NA,Reg,Bnk,AllPub,Inside,Mod,Edwards
1328,20,RL,60,6600,Pave,NA,Reg,Lvl,AllPub,Inside,Gtl,Mitchel
1329,50,RM,60,10440,Pave,Grvl,Reg,Lvl,AllPub,Corner,Gtl,OldTown
1330,60,RL,63,9084,Pave,NA,IR1,Lvl,AllPub,Inside,Gtl,Gilbert
1331,20,RL,85,10000,Pave,NA,Reg,Lvl,AllPub,Inside,Gtl,Somerst
1332,80,RL,55,10780,Pave,NA,IR1,Lvl,AllPub,Inside,Gtl,CollgCr
1333,20,RL,67,8877,Pave,NA,Reg,Lvl,AllPub,Inside,Mod,Edwards
1334,50,RM,60,7200,Pave,NA,Reg,Lvl,AllPub,Corner,Gtl,IDOTRR
1335,160,RM,24,2368,Pave,NA,Reg,Lvl,AllPub,Inside,Gtl,BrDale
1336,20,RL,80,9650,Pave,NA,Reg,Lvl,AllPub,Inside,Gtl,NWAmes
1337,90,RL,87,9246,Pave,NA,IR1,Lvl,AllPub,Inside,Gtl,NWAmes
1338,30,RM,153,4118,Pave,Grvl,IR1,Bnk,AllPub,Corner,Mod,OldTown
1339,60,RL,95,13450,Pave,NA,IR1,Lvl,AllPub,Corner,Gtl,CollgCr
1340,20,RL,120,9560,Pave,NA,IR1,Lvl,AllPub,Corner,Gtl,CollgCr
1341,20,RL,70,8294,Pave,NA,Reg,Lvl,AllPub,Inside,Gtl,NAmes
1342,20,RL,66,13695,Pave,NA,Reg,Lvl,AllPub,Inside,Gtl,SawyerW
1343,60,RL,0,9375,Pave,NA,Reg,Lvl,AllPub,Inside,Gtl,CollgCr
1344,50,RL,57,7558,Pave,NA,Reg,Bnk,AllPub,Inside,Gtl,Crawfor
1345,60,RL,85,11103,Pave,NA,IR1,Lvl,AllPub,Corner,Gtl,CollgCr
1346,30,RM,50,6000,Pave,NA,Reg,Lvl,AllPub,Inside,Gtl,OldTown
1347,20,RL,0,20781,Pave,NA,IR2,Lvl,AllPub,CulDSac,Gtl,NWAmes
1348,20,RL,93,15306,Pave,NA,IR1,HLS,AllPub,Corner,Gtl,Timber
1349,20,RL,0,16196,Pave,NA,IR3,Low,AllPub,Inside,Gtl,SawyerW
1350,70,RM,50,5250,Pave,Pave,Reg,Lvl,AllPub,Inside,Gtl,OldTown
1351,90,RL,91,11643,Pave,NA,Reg,Lvl,AllPub,Inside,Gtl,NAmes
1352,60,RL,70,9247,Pave,NA,IR1,Lvl,AllPub,Inside,Gtl,NAmes
1353,50,RM,50,6000,Pave,NA,Reg,Lvl,AllPub,Inside,Gtl,BrkSide
1354,50,RL,56,14720,Pave,NA,IR1,Lvl,AllPub,CulDSac,Gtl,NoRidge
1355,60,RL,0,10316,Pave,NA,IR1,Lvl,AllPub,Inside,Gtl,CollgCr
1356,80,RL,102,10192,Pave,NA,IR1,Lvl,AllPub,Inside,Gtl,NWAmes
1357,20,RL,0,9477,Pave,NA,Reg,Lvl,AllPub,Corner,Gtl,NAmes
1358,20,RL,0,12537,Pave,NA,IR1,Lvl,AllPub,CulDSac,Gtl,NAmes
1359,160,FV,0,2117,Pave,NA,Reg,Lvl,AllPub,Inside,Gtl,Somerst
1360,20,RL,129,16737,Pave,NA,Reg,Lvl,AllPub,FR3,Gtl,NridgHt
1361,70,RL,51,9842,Pave,NA,Reg,Lvl,AllPub,Inside,Gtl,SWISU
1362,20,RL,124,16158,Pave,NA,IR1,Low,AllPub,Inside,Mod,StoneBr
1363,50,RL,0,12513,Pave,NA,IR1,Lvl,AllPub,FR2,Gtl,NAmes
1364,60,RL,73,8499,Pave,NA,IR1,Lvl,AllPub,Inside,Gtl,Gilbert
1365,160,FV,30,3180,Pave,Pave,Reg,Lvl,AllPub,Inside,Gtl,Somerst
1366,60,FV,0,7500,Pave,NA,Reg,Lvl,AllPub,Inside,Gtl,Somerst
1367,60,RL,68,9179,Pave,NA,IR1,Lvl,AllPub,Inside,Gtl,CollgCr
1368,160,RM,41,2665,Pave,NA,Reg,Lvl,AllPub,Inside,Gtl,MeadowV
1369,120,RM,0,4435,Pave,NA,Reg,Lvl,AllPub,Inside,Gtl,CollgCr
1370,20,RL,48,10635,Pave,NA,IR2,Lvl,AllPub,FR2,Gtl,CollgCr
1371,50,RL,90,5400,Pave,NA,Reg,Lvl,AllPub,Corner,Gtl,OldTown
1372,80,RL,80,9600,Pave,NA,Reg,Lvl,AllPub,Inside,Gtl,NAmes
1373,60,RL,75,9750,Pave,NA,Reg,Lvl,AllPub,Corner,Gtl,CollgCr
1374,20,RL,0,11400,Pave,NA,Reg,Lvl,AllPub,Inside,Gtl,NoRidge
1375,60,FV,85,10625,Pave,NA,Reg,Lvl,AllPub,Inside,Gtl,Somerst
1376,20,RL,89,10991,Pave,NA,IR1,HLS,AllPub,Inside,Gtl,Timber
1377,30,RL,52,6292,Pave,NA,Reg,Bnk,AllPub,Inside,Gtl,SWISU
1378,50,RL,60,10998,Pave,Grvl,Reg,Lvl,AllPub,Inside,Gtl,Edwards
1379,160,RM,21,1953,Pave,NA,Reg,Lvl,AllPub,Inside,Gtl,BrDale
1380,80,RL,73,9735,Pave,NA,Reg,Lvl,AllPub,Inside,Gtl,Timber
1381,30,RL,45,8212,Pave,Grvl,Reg,Lvl,AllPub,Inside,Gtl,Edwards
1382,20,RL,0,12925,Pave,NA,IR1,Lvl,AllPub,Corner,Gtl,NAmes
1383,70,RM,60,7200,Pave,NA,Reg,Lvl,AllPub,Corner,Gtl,OldTown
1384,30,RL,0,25339,Pave,NA,Reg,Lvl,AllPub,Inside,Gtl,Sawyer
1385,50,RL,60,9060,Pave,NA,Reg,Lvl,AllPub,Inside,Gtl,Edwards
1386,50,RM,40,5436,Pave,NA,Reg,Lvl,AllPub,Inside,Gtl,IDOTRR
1387,60,RL,80,16692,Pave,NA,IR1,Lvl,AllPub,Inside,Gtl,NWAmes
1388,50,RM,60,8520,Pave,Grvl,Reg,Lvl,AllPub,Inside,Gtl,OldTown
1389,20,RL,42,14892,Pave,NA,IR1,HLS,AllPub,CulDSac,Gtl,Gilbert
1390,50,RM,60,6000,Pave,NA,Reg,Lvl,AllPub,Inside,Gtl,BrkSide
1391,20,RL,70,9100,Pave,NA,Reg,Lvl,AllPub,Inside,Gtl,CollgCr
1392,90,RL,65,8944,Pave,NA,Reg,Lvl,AllPub,Inside,Gtl,NAmes
1393,85,RL,68,7838,Pave,NA,Reg,Lvl,AllPub,Inside,Gtl,NAmes
1394,190,RM,60,10800,Pave,Pave,Reg,Lvl,AllPub,Inside,Gtl,OldTown
1395,120,RL,53,4045,Pave,NA,Reg,Lvl,AllPub,Inside,Gtl,Blmngtn
1396,60,RL,88,12665,Pave,NA,IR1,Lvl,AllPub,Inside,Gtl,Timber
1397,20,RL,0,57200,Pave,NA,IR1,Bnk,AllPub,Inside,Sev,Timber
1398,70,RM,51,6120,Pave,NA,Reg,Lvl,AllPub,Inside,Gtl,BrkSide
1399,50,RL,60,7200,Pave,NA,Reg,Lvl,AllPub,Inside,Gtl,NAmes
1400,50,RL,51,6171,Pave,NA,Reg,Lvl,AllPub,Inside,Gtl,SWISU
1401,50,RM,50,6000,Pave,NA,Reg,Lvl,AllPub,Corner,Gtl,BrkSide
1402,60,RL,62,7415,Pave,NA,IR1,Lvl,AllPub,Inside,Gtl,Gilbert
1403,20,RL,64,6762,Pave,NA,Reg,Lvl,AllPub,Inside,Gtl,CollgCr
1404,20,RL,49,15256,Pave,NA,IR1,Lvl,AllPub,CulDSac,Gtl,Somerst
1405,50,RL,60,10410,Pave,Grvl,Reg,Lvl,AllPub,Corner,Gtl,OldTown
1406,120,RM,44,3842,Pave,NA,IR1,HLS,AllPub,Inside,Mod,Crawfor
1407,85,RL,70,8445,Pave,NA,Reg,Lvl,AllPub,Corner,Gtl,CollgCr
1408,20,RL,0,8780,Pave,NA,IR1,Lvl,AllPub,Corner,Gtl,Mitchel
1409,70,RM,60,7740,Pave,NA,Reg,Lvl,AllPub,Inside,Gtl,OldTown
1410,60,RL,46,20544,Pave,NA,IR1,Lvl,AllPub,CulDSac,Gtl,NWAmes
1411,60,RL,79,12420,Pave,NA,Reg,Lvl,AllPub,Inside,Gtl,CollgCr
1412,50,RL,80,9600,Pave,NA,Reg,Lvl,AllPub,Inside,Gtl,NAmes
1413,90,RL,60,7200,Pave,NA,Reg,Lvl,AllPub,Inside,Gtl,NAmes
1414,20,RL,88,10994,Pave,NA,IR1,Lvl,AllPub,Corner,Gtl,SawyerW
1415,50,RL,64,13053,Pave,Pave,Reg,Bnk,AllPub,Inside,Gtl,BrkSide
1416,120,RL,51,3635,Pave,NA,Reg,Lvl,AllPub,Inside,Gtl,Blmngtn
1417,190,RM,60,11340,Pave,NA,Reg,Lvl,AllPub,Inside,Gtl,OldTown
1418,60,RL,0,16545,Pave,NA,IR1,Lvl,AllPub,Inside,Gtl,NoRidge
1419,20,RL,71,9204,Pave,NA,Reg,Lvl,AllPub,Inside,Gtl,NAmes
1420,20,RL,0,16381,Pave,NA,IR1,Lvl,AllPub,Inside,Gtl,Crawfor
1421,60,RL,90,11700,Pave,NA,Reg,Lvl,AllPub,Corner,Gtl,NWAmes
1422,120,RL,53,4043,Pave,NA,Reg,Lvl,AllPub,Inside,Gtl,NPkVill
1423,120,RM,37,4435,Pave,NA,Reg,Lvl,AllPub,Inside,Gtl,CollgCr
1424,80,RL,0,19690,Pave,NA,IR1,Lvl,AllPub,CulDSac,Gtl,Edwards
1425,20,RL,0,9503,Pave,NA,Reg,Lvl,AllPub,Inside,Gtl,NAmes
1426,20,RL,80,10721,Pave,NA,IR1,Lvl,AllPub,Inside,Gtl,NAmes
1427,60,RL,81,10944,Pave,NA,IR1,Lvl,AllPub,Inside,Gtl,NoRidge
1428,50,RL,60,10930,Pave,Grvl,Reg,Bnk,AllPub,Inside,Gtl,NAmes
1429,30,RM,60,7200,Pave,NA,Reg,Lvl,AllPub,Corner,Gtl,OldTown
1430,20,RL,0,12546,Pave,NA,IR1,Lvl,AllPub,Corner,Gtl,NWAmes
1431,60,RL,60,21930,Pave,NA,IR3,Lvl,AllPub,Inside,Gtl,Gilbert
1432,120,RL,0,4928,Pave,NA,IR1,Lvl,AllPub,Inside,Gtl,NPkVill
1433,30,RL,60,10800,Pave,Grvl,Reg,Lvl,AllPub,Inside,Gtl,OldTown
1434,60,RL,93,10261,Pave,NA,IR1,Lvl,AllPub,Inside,Gtl,Gilbert
1435,20,RL,80,17400,Pave,NA,Reg,Low,AllPub,Inside,Mod,Mitchel
1436,20,RL,80,8400,Pave,NA,Reg,Lvl,AllPub,Inside,Gtl,NAmes
1437,20,RL,60,9000,Pave,NA,Reg,Lvl,AllPub,FR2,Gtl,NAmes
1438,20,RL,96,12444,Pave,NA,Reg,Lvl,AllPub,FR2,Gtl,NridgHt
1439,20,RM,90,7407,Pave,NA,Reg,Lvl,AllPub,Inside,Gtl,OldTown
1440,60,RL,80,11584,Pave,NA,Reg,Lvl,AllPub,Inside,Gtl,NWAmes
1441,70,RL,79,11526,Pave,NA,IR1,Bnk,AllPub,Inside,Mod,Crawfor
1442,120,RM,0,4426,Pave,NA,Reg,Lvl,AllPub,Inside,Gtl,CollgCr
1443,60,FV,85,11003,Pave,NA,Reg,Lvl,AllPub,Inside,Gtl,Somerst
1444,30,RL,0,8854,Pave,NA,Reg,Lvl,AllPub,Inside,Gtl,BrkSide
1445,20,RL,63,8500,Pave,NA,Reg,Lvl,AllPub,FR2,Gtl,CollgCr
1446,85,RL,70,8400,Pave,NA,Reg,Lvl,AllPub,Inside,Gtl,Sawyer
1447,20,RL,0,26142,Pave,NA,IR1,Lvl,AllPub,CulDSac,Gtl,Mitchel
1448,60,RL,80,10000,Pave,NA,Reg,Lvl,AllPub,Inside,Gtl,CollgCr
1449,50,RL,70,11767,Pave,NA,Reg,Lvl,AllPub,Inside,Gtl,Edwards
1450,180,RM,21,1533,Pave,NA,Reg,Lvl,AllPub,Inside,Gtl,MeadowV
1451,90,RL,60,9000,Pave,NA,Reg,Lvl,AllPub,FR2,Gtl,NAmes
1452,20,RL,78,9262,Pave,NA,Reg,Lvl,AllPub,Inside,Gtl,Somerst
1453,180,RM,35,3675,Pave,NA,Reg,Lvl,AllPub,Inside,Gtl,Edwards
1454,20,RL,90,17217,Pave,NA,Reg,Lvl,AllPub,Inside,Gtl,Mitchel
1455,20,FV,62,7500,Pave,Pave,Reg,Lvl,AllPub,Inside,Gtl,Somerst
1456,60,RL,62,7917,Pave,NA,Reg,Lvl,AllPub,Inside,Gtl,Gilbert
1457,20,RL,85,13175,Pave,NA,Reg,Lvl,AllPub,Inside,Gtl,NWAmes
1458,70,RL,66,9042,Pave,NA,Reg,Lvl,AllPub,Inside,Gtl,Crawfor
1459,20,RL,68,9717,Pave,NA,Reg,Lvl,AllPub,Inside,Gtl,NAmes
1460,20,RL,75,9937,Pave,NA,Reg,Lvl,AllPub,Inside,Gtl,Edwards
